-- MySQL dump 10.13  Distrib 8.0.41, for Win64 (x86_64)
--
-- Host: 127.0.0.1    Database: movies
-- ------------------------------------------------------
-- Server version	8.0.41

/*!40101 SET @OLD_CHARACTER_SET_CLIENT=@@CHARACTER_SET_CLIENT */;
/*!40101 SET @OLD_CHARACTER_SET_RESULTS=@@CHARACTER_SET_RESULTS */;
/*!40101 SET @OLD_COLLATION_CONNECTION=@@COLLATION_CONNECTION */;
/*!50503 SET NAMES utf8mb4 */;
/*!40103 SET @OLD_TIME_ZONE=@@TIME_ZONE */;
/*!40103 SET TIME_ZONE='+00:00' */;
/*!40014 SET @OLD_UNIQUE_CHECKS=@@UNIQUE_CHECKS, UNIQUE_CHECKS=0 */;
/*!40014 SET @OLD_FOREIGN_KEY_CHECKS=@@FOREIGN_KEY_CHECKS, FOREIGN_KEY_CHECKS=0 */;
/*!40101 SET @OLD_SQL_MODE=@@SQL_MODE, SQL_MODE='NO_AUTO_VALUE_ON_ZERO' */;
/*!40111 SET @OLD_SQL_NOTES=@@SQL_NOTES, SQL_NOTES=0 */;

--
-- Table structure for table `activity_log`
--

DROP TABLE IF EXISTS `activity_log`;
/*!40101 SET @saved_cs_client     = @@character_set_client */;
/*!50503 SET character_set_client = utf8mb4 */;
CREATE TABLE `activity_log` (
  `log_id` int NOT NULL AUTO_INCREMENT,
  `user_id` int DEFAULT NULL,
  `movie_id` int DEFAULT NULL,
  `action` varchar(100) DEFAULT NULL,
  `action_time` datetime DEFAULT CURRENT_TIMESTAMP,
  PRIMARY KEY (`log_id`)
) ENGINE=InnoDB DEFAULT CHARSET=utf8mb4 COLLATE=utf8mb4_0900_ai_ci;
/*!40101 SET character_set_client = @saved_cs_client */;

--
-- Dumping data for table `activity_log`
--

/*!40000 ALTER TABLE `activity_log` DISABLE KEYS */;
/*!40000 ALTER TABLE `activity_log` ENABLE KEYS */;

--
-- Table structure for table `actors`
--

DROP TABLE IF EXISTS `actors`;
/*!40101 SET @saved_cs_client     = @@character_set_client */;
/*!50503 SET character_set_client = utf8mb4 */;
CREATE TABLE `actors` (
  `actor_id` int NOT NULL AUTO_INCREMENT,
  `name` varchar(100) DEFAULT NULL,
  PRIMARY KEY (`actor_id`)
) ENGINE=InnoDB AUTO_INCREMENT=101 DEFAULT CHARSET=utf8mb4 COLLATE=utf8mb4_0900_ai_ci;
/*!40101 SET character_set_client = @saved_cs_client */;

--
-- Dumping data for table `actors`
--

/*!40000 ALTER TABLE `actors` DISABLE KEYS */;
INSERT INTO `actors` VALUES (1,'Robert Taylor'),(2,'Darrell Greene'),(3,'Sandra Martin'),(4,'David Jordan Jr.'),(5,'Kyle Williams'),(6,'Michelle Valdez'),(7,'William Jackson'),(8,'Paul Pearson'),(9,'Darius Daniels'),(10,'Mrs. Melissa Rivera'),(11,'Deborah Oconnell'),(12,'Rachel Gay'),(13,'Kristen Guerra'),(14,'Cynthia Moran MD'),(15,'Charles Joyce'),(16,'Toni Jones'),(17,'Ashley Cruz'),(18,'Mr. Wyatt Carlson DDS'),(19,'Amanda Dominguez'),(20,'Dr. Megan Williams'),(21,'Stephanie Stafford MD'),(22,'Robin Jarvis'),(23,'Edward Frederick'),(24,'Vincent Marshall'),(25,'Lisa Baldwin'),(26,'Robert Gardner'),(27,'Wendy Wiggins'),(28,'Mary Flowers'),(29,'Stephanie Greene'),(30,'Melissa Smith'),(31,'Alison Mcintosh'),(32,'Daniel Rogers'),(33,'Angel Hendricks'),(34,'Tristan Trujillo'),(35,'Sarah Woods'),(36,'Kristen Jimenez'),(37,'Jason Mitchell'),(38,'Tyler Lewis'),(39,'Michael Shah'),(40,'Mary Jones'),(41,'John Allen'),(42,'Scott Jacobs'),(43,'Donald Parks'),(44,'Paul Reed'),(45,'Christopher Mcfarland II'),(46,'Kristin Booth'),(47,'Eugene Walker'),(48,'Walter Perez'),(49,'Jeanette Green'),(50,'Chad Edwards'),(51,'Diane Murillo'),(52,'Aaron Jackson'),(53,'Christina Cannon'),(54,'Mr. Mark Henry MD'),(55,'Sarah Wheeler'),(56,'Jason Joyce'),(57,'Joshua Barrera'),(58,'Kelly Porter'),(59,'Debra Sanders'),(60,'Lee Watkins'),(61,'Abigail Reed'),(62,'Tony Williams'),(63,'Nathaniel Wilcox'),(64,'James Huffman'),(65,'Debra Allen'),(66,'Victoria Collier DVM'),(67,'Felicia Jones'),(68,'Mrs. Deborah Reynolds'),(69,'Nathan Jones'),(70,'Vanessa Maxwell'),(71,'Isaiah Garcia'),(72,'Stacie Johnson'),(73,'Mr. Daniel Salazar'),(74,'Mary Allen'),(75,'Connor Morrow'),(76,'Rebecca Mcpherson'),(77,'Thomas Liu'),(78,'Mr. Ryan Carlson DVM'),(79,'Lisa Anderson'),(80,'Kristy Haynes'),(81,'Brandon Yoder'),(82,'Barbara Kim'),(83,'Erin Fernandez'),(84,'Eric Moody'),(85,'Wendy Ramos'),(86,'Andrew Bryant'),(87,'Christian Coleman'),(88,'Megan Hall'),(89,'Lisa Vaughn'),(90,'Kimberly Turner'),(91,'Adam Vasquez'),(92,'Janet Gonzales'),(93,'Mr. Dale Frazier Jr.'),(94,'Kristine Harmon'),(95,'Holly Tucker'),(96,'Mikayla Griffin'),(97,'Eric Barrett'),(98,'Lauren Lopez'),(99,'Patricia Moore'),(100,'Brian Jones');
/*!40000 ALTER TABLE `actors` ENABLE KEYS */;

--
-- Table structure for table `genres`
--

DROP TABLE IF EXISTS `genres`;
/*!40101 SET @saved_cs_client     = @@character_set_client */;
/*!50503 SET character_set_client = utf8mb4 */;
CREATE TABLE `genres` (
  `genre_id` int NOT NULL AUTO_INCREMENT,
  `name` varchar(100) DEFAULT NULL,
  PRIMARY KEY (`genre_id`)
) ENGINE=InnoDB AUTO_INCREMENT=11 DEFAULT CHARSET=utf8mb4 COLLATE=utf8mb4_0900_ai_ci;
/*!40101 SET character_set_client = @saved_cs_client */;

--
-- Dumping data for table `genres`
--

/*!40000 ALTER TABLE `genres` DISABLE KEYS */;
INSERT INTO `genres` VALUES (1,'Theory'),(2,'Everything'),(3,'Rule'),(4,'Parent'),(5,'Ten'),(6,'Figure'),(7,'She'),(8,'Bank'),(9,'Short'),(10,'Everything');
/*!40000 ALTER TABLE `genres` ENABLE KEYS */;

--
-- Table structure for table `movie_actors`
--

DROP TABLE IF EXISTS `movie_actors`;
/*!40101 SET @saved_cs_client     = @@character_set_client */;
/*!50503 SET character_set_client = utf8mb4 */;
CREATE TABLE `movie_actors` (
  `movie_id` int NOT NULL,
  `actor_id` int NOT NULL,
  PRIMARY KEY (`movie_id`,`actor_id`),
  KEY `actor_id` (`actor_id`),
  CONSTRAINT `movie_actors_ibfk_1` FOREIGN KEY (`movie_id`) REFERENCES `movies` (`movie_id`),
  CONSTRAINT `movie_actors_ibfk_2` FOREIGN KEY (`actor_id`) REFERENCES `actors` (`actor_id`)
) ENGINE=InnoDB DEFAULT CHARSET=utf8mb4 COLLATE=utf8mb4_0900_ai_ci;
/*!40101 SET character_set_client = @saved_cs_client */;

--
-- Dumping data for table `movie_actors`
--

/*!40000 ALTER TABLE `movie_actors` DISABLE KEYS */;
INSERT INTO `movie_actors` VALUES (33,1),(40,1),(44,1),(80,1),(104,1),(136,1),(189,1),(262,1),(50,2),(66,2),(101,2),(120,2),(149,2),(179,2),(197,2),(213,2),(267,2),(4,3),(57,3),(63,3),(76,3),(136,3),(163,3),(180,3),(193,3),(201,3),(204,3),(229,3),(248,3),(262,3),(296,3),(6,4),(12,4),(99,4),(103,4),(138,4),(165,4),(227,4),(234,4),(273,4),(6,5),(7,5),(17,5),(18,5),(53,5),(62,5),(73,5),(105,5),(108,5),(109,5),(181,5),(188,5),(202,5),(259,5),(272,5),(32,6),(50,6),(195,6),(223,6),(257,6),(283,6),(291,6),(12,7),(21,7),(25,7),(74,7),(88,7),(89,7),(106,7),(164,7),(237,7),(260,7),(284,7),(77,8),(89,8),(116,8),(208,8),(220,8),(243,8),(269,8),(271,8),(59,9),(64,9),(108,9),(117,9),(127,9),(155,9),(165,9),(190,9),(240,9),(251,9),(292,9),(1,10),(13,10),(35,10),(115,10),(163,10),(196,10),(204,10),(254,10),(257,10),(9,11),(24,11),(48,11),(53,11),(55,11),(59,11),(80,11),(85,11),(118,11),(192,11),(235,11),(241,11),(285,11),(43,12),(92,12),(144,12),(156,12),(189,12),(197,12),(231,12),(11,13),(17,13),(94,13),(111,13),(119,13),(121,13),(142,13),(143,13),(161,13),(168,13),(173,13),(174,13),(191,13),(213,13),(218,13),(292,13),(4,14),(48,14),(72,14),(88,14),(101,14),(130,14),(137,14),(222,14),(275,14),(285,14),(293,14),(2,15),(31,15),(40,15),(48,15),(54,15),(79,15),(104,15),(129,15),(150,15),(162,15),(164,15),(180,15),(184,15),(224,15),(229,15),(267,15),(3,16),(29,16),(56,16),(79,16),(95,16),(103,16),(151,16),(153,16),(186,16),(198,16),(215,16),(272,16),(289,16),(74,17),(87,17),(123,17),(205,17),(219,17),(248,17),(21,18),(22,18),(23,18),(38,18),(82,18),(131,18),(156,18),(176,18),(184,18),(195,18),(225,18),(15,19),(19,19),(30,19),(53,19),(93,19),(132,19),(164,19),(207,19),(214,19),(216,19),(228,19),(238,19),(274,19),(293,19),(50,20),(60,20),(73,20),(158,20),(198,20),(212,20),(253,20),(257,20),(266,20),(279,20),(294,20),(9,21),(18,21),(41,21),(53,21),(66,21),(90,21),(160,21),(221,21),(246,21),(252,21),(261,21),(283,21),(295,21),(298,21),(15,22),(16,22),(29,22),(33,22),(37,22),(38,22),(98,22),(186,22),(203,22),(208,22),(260,22),(298,22),(14,23),(78,23),(145,23),(171,23),(208,23),(234,23),(290,23),(12,24),(83,24),(88,24),(138,24),(212,24),(276,24),(31,25),(51,25),(65,25),(71,25),(162,25),(193,25),(197,25),(233,25),(265,25),(266,25),(2,26),(8,26),(13,26),(104,26),(243,26),(79,27),(85,27),(126,27),(129,27),(147,27),(160,27),(166,27),(172,27),(176,27),(217,27),(257,27),(262,27),(263,27),(290,27),(6,28),(15,28),(23,28),(29,28),(36,28),(51,28),(64,28),(99,28),(101,28),(104,28),(120,28),(130,28),(145,28),(154,28),(188,28),(215,28),(231,28),(279,28),(33,29),(148,29),(162,29),(168,29),(197,29),(212,29),(214,29),(218,29),(242,29),(20,30),(25,30),(37,30),(46,30),(63,30),(91,30),(107,30),(123,30),(125,30),(135,30),(185,30),(270,30),(286,30),(22,31),(24,31),(93,31),(120,31),(170,31),(196,31),(244,31),(5,32),(16,32),(33,32),(42,32),(92,32),(112,32),(127,32),(207,32),(234,32),(252,32),(271,32),(4,33),(8,33),(12,33),(75,33),(86,33),(91,33),(93,33),(114,33),(124,33),(141,33),(150,33),(171,33),(179,33),(242,33),(250,33),(39,34),(56,34),(72,34),(130,34),(140,34),(143,34),(148,34),(167,34),(187,34),(231,34),(250,34),(287,34),(14,35),(125,35),(159,35),(199,35),(223,35),(228,35),(260,35),(265,35),(280,35),(25,36),(28,36),(51,36),(87,36),(103,36),(109,36),(117,36),(154,36),(213,36),(226,36),(231,36),(273,36),(286,36),(19,37),(55,37),(60,37),(95,37),(103,37),(114,37),(119,37),(153,37),(173,37),(183,37),(216,37),(218,37),(240,37),(291,37),(13,38),(22,38),(110,38),(112,38),(144,38),(149,38),(205,38),(210,38),(215,38),(19,39),(67,39),(87,39),(170,39),(205,39),(252,39),(291,39),(20,40),(27,40),(135,40),(142,40),(169,40),(181,40),(207,40),(211,40),(223,40),(247,40),(267,40),(281,40),(8,41),(44,41),(88,41),(102,41),(129,41),(143,41),(182,41),(187,41),(193,41),(204,41),(90,42),(149,42),(169,42),(175,42),(189,42),(283,42),(284,42),(300,42),(16,43),(48,43),(200,43),(222,43),(240,43),(269,43),(277,43),(3,44),(5,44),(32,44),(33,44),(37,44),(68,44),(100,44),(132,44),(146,44),(158,44),(186,44),(191,44),(203,44),(247,44),(274,44),(277,44),(53,45),(69,45),(84,45),(115,45),(160,45),(177,45),(178,45),(181,45),(261,45),(61,46),(99,46),(106,46),(107,46),(128,46),(136,46),(200,46),(270,46),(10,47),(27,47),(55,47),(123,47),(146,47),(158,47),(173,47),(226,47),(254,47),(285,47),(17,48),(21,48),(151,48),(235,48),(282,48),(283,48),(285,48),(34,49),(61,49),(82,49),(89,49),(94,49),(100,49),(120,49),(168,49),(171,49),(175,49),(199,49),(247,49),(31,50),(39,50),(43,50),(61,50),(89,50),(122,50),(182,50),(194,50),(204,50),(209,50),(210,50),(219,50),(222,50),(235,50),(241,50),(28,51),(43,51),(46,51),(96,51),(103,51),(146,51),(248,51),(281,51),(291,51),(18,52),(23,52),(52,52),(54,52),(68,52),(112,52),(160,52),(257,52),(261,52),(267,52),(275,52),(7,53),(68,53),(72,53),(113,53),(151,53),(225,53),(258,53),(34,54),(35,54),(49,54),(52,54),(57,54),(66,54),(73,54),(77,54),(79,54),(169,54),(177,54),(199,54),(205,54),(206,54),(237,54),(242,54),(42,55),(58,55),(59,55),(71,55),(97,55),(120,55),(121,55),(150,55),(260,55),(274,55),(277,55),(278,55),(4,56),(122,56),(139,56),(147,56),(189,56),(242,56),(245,56),(276,56),(298,56),(18,57),(39,57),(45,57),(74,57),(80,57),(134,57),(136,57),(218,57),(225,57),(235,57),(240,57),(246,57),(263,57),(278,57),(280,57),(21,58),(23,58),(84,58),(96,58),(113,58),(141,58),(258,58),(268,58),(270,58),(271,58),(34,59),(70,59),(97,59),(256,59),(274,59),(288,59),(19,60),(26,60),(35,60),(58,60),(64,60),(65,60),(70,60),(76,60),(151,60),(178,60),(272,60),(15,61),(62,61),(82,61),(87,61),(90,61),(123,61),(125,61),(138,61),(50,62),(134,62),(152,62),(172,62),(240,62),(245,62),(34,63),(36,63),(102,63),(115,63),(140,63),(170,63),(227,63),(239,63),(244,63),(253,63),(287,63),(9,64),(45,64),(75,64),(76,64),(235,64),(264,64),(279,64),(58,65),(97,65),(159,65),(176,65),(186,65),(206,65),(220,65),(258,65),(55,66),(61,66),(67,66),(95,66),(118,66),(165,66),(189,66),(35,67),(54,67),(77,67),(85,67),(98,67),(125,67),(144,67),(175,67),(187,67),(203,67),(219,67),(236,67),(268,67),(49,68),(79,68),(134,68),(236,68),(271,68),(288,68),(1,69),(5,69),(6,69),(10,69),(52,69),(83,69),(116,69),(168,69),(175,69),(281,69),(298,69),(14,70),(52,70),(64,70),(121,70),(187,70),(222,70),(276,70),(286,70),(59,71),(97,71),(133,71),(140,71),(171,71),(224,71),(228,71),(232,71),(259,71),(297,71),(12,72),(95,72),(110,72),(137,72),(138,72),(163,72),(166,72),(220,72),(233,72),(236,72),(265,72),(289,72),(54,73),(55,73),(75,73),(118,73),(161,73),(230,73),(297,73),(97,74),(115,74),(126,74),(175,74),(198,74),(211,74),(300,74),(13,75),(25,75),(67,75),(192,75),(217,75),(230,75),(242,75),(256,75),(19,76),(78,76),(126,76),(174,76),(201,76),(203,76),(209,76),(228,76),(241,76),(248,76),(294,76),(1,77),(43,77),(87,77),(131,77),(155,77),(184,77),(205,77),(238,77),(264,77),(280,77),(24,78),(60,78),(81,78),(130,78),(148,78),(156,78),(157,78),(185,78),(204,78),(223,78),(225,78),(236,78),(238,78),(255,78),(2,79),(139,79),(157,79),(177,79),(185,79),(217,79),(272,79),(287,79),(296,79),(54,80),(118,80),(124,80),(128,80),(143,80),(152,80),(260,80),(264,80),(9,81),(38,81),(63,81),(126,81),(188,81),(232,81),(253,81),(264,81),(38,82),(45,82),(69,82),(73,82),(95,82),(183,82),(256,82),(37,83),(73,83),(110,83),(193,83),(218,83),(236,83),(262,83),(280,83),(3,84),(21,84),(24,84),(66,84),(75,84),(162,84),(174,84),(215,84),(255,84),(270,84),(273,84),(15,85),(26,85),(100,85),(101,85),(118,85),(160,85),(228,85),(239,85),(285,85),(48,86),(60,86),(63,86),(64,86),(111,86),(127,86),(132,86),(134,86),(162,86),(174,86),(177,86),(286,86),(57,87),(59,87),(77,87),(92,87),(125,87),(129,87),(157,87),(177,87),(183,87),(202,87),(265,87),(288,87),(299,87),(42,88),(56,88),(66,88),(90,88),(94,88),(115,88),(131,88),(140,88),(161,88),(164,88),(200,88),(209,88),(213,88),(221,88),(229,88),(7,89),(169,89),(190,89),(225,89),(234,89),(250,89),(276,89),(11,90),(28,90),(30,90),(46,90),(56,90),(68,90),(167,90),(186,90),(224,90),(249,90),(261,90),(27,91),(148,91),(178,91),(194,91),(211,91),(233,91),(249,91),(253,91),(283,91),(288,91),(47,92),(61,92),(63,92),(86,92),(113,92),(117,92),(148,92),(161,92),(190,92),(201,92),(219,92),(11,93),(56,93),(65,93),(71,93),(105,93),(112,93),(181,93),(198,93),(199,93),(250,93),(286,93),(2,94),(69,94),(77,94),(88,94),(119,94),(149,94),(176,94),(202,94),(221,94),(223,94),(267,94),(299,94),(8,95),(11,95),(65,95),(96,95),(98,95),(249,95),(256,95),(259,95),(273,95),(76,96),(114,96),(133,96),(183,96),(232,96),(295,96),(18,97),(27,97),(36,97),(45,97),(76,97),(81,97),(116,97),(164,97),(265,97),(268,97),(279,97),(3,98),(38,98),(71,98),(106,98),(174,98),(217,98),(34,99),(47,99),(71,99),(151,99),(171,99),(199,99),(206,99),(231,99),(238,99),(243,99),(244,99),(251,99),(264,99),(32,100),(100,100),(129,100),(217,100),(280,100),(288,100),(299,100);
/*!40000 ALTER TABLE `movie_actors` ENABLE KEYS */;

--
-- Table structure for table `movie_genres`
--

DROP TABLE IF EXISTS `movie_genres`;
/*!40101 SET @saved_cs_client     = @@character_set_client */;
/*!50503 SET character_set_client = utf8mb4 */;
CREATE TABLE `movie_genres` (
  `movie_id` int NOT NULL,
  `genre_id` int NOT NULL,
  PRIMARY KEY (`movie_id`,`genre_id`),
  KEY `genre_id` (`genre_id`),
  CONSTRAINT `movie_genres_ibfk_1` FOREIGN KEY (`movie_id`) REFERENCES `movies` (`movie_id`),
  CONSTRAINT `movie_genres_ibfk_2` FOREIGN KEY (`genre_id`) REFERENCES `genres` (`genre_id`)
) ENGINE=InnoDB DEFAULT CHARSET=utf8mb4 COLLATE=utf8mb4_0900_ai_ci;
/*!40101 SET character_set_client = @saved_cs_client */;

--
-- Dumping data for table `movie_genres`
--

/*!40000 ALTER TABLE `movie_genres` DISABLE KEYS */;
INSERT INTO `movie_genres` VALUES (4,1),(8,1),(16,1),(22,1),(32,1),(33,1),(35,1),(46,1),(54,1),(56,1),(60,1),(61,1),(67,1),(69,1),(75,1),(78,1),(83,1),(105,1),(106,1),(110,1),(112,1),(113,1),(116,1),(118,1),(133,1),(135,1),(136,1),(142,1),(145,1),(146,1),(151,1),(156,1),(157,1),(164,1),(169,1),(174,1),(184,1),(189,1),(190,1),(198,1),(199,1),(201,1),(209,1),(213,1),(220,1),(224,1),(231,1),(233,1),(251,1),(257,1),(264,1),(265,1),(270,1),(280,1),(281,1),(299,1),(5,2),(6,2),(13,2),(17,2),(19,2),(23,2),(29,2),(38,2),(41,2),(48,2),(54,2),(72,2),(83,2),(86,2),(87,2),(89,2),(95,2),(97,2),(104,2),(107,2),(123,2),(134,2),(162,2),(172,2),(176,2),(191,2),(198,2),(207,2),(216,2),(220,2),(225,2),(234,2),(235,2),(236,2),(237,2),(246,2),(248,2),(250,2),(255,2),(256,2),(261,2),(262,2),(263,2),(266,2),(268,2),(272,2),(276,2),(285,2),(286,2),(291,2),(294,2),(298,2),(8,3),(9,3),(11,3),(14,3),(17,3),(18,3),(22,3),(23,3),(28,3),(32,3),(35,3),(42,3),(44,3),(46,3),(64,3),(68,3),(70,3),(74,3),(75,3),(85,3),(89,3),(90,3),(92,3),(97,3),(99,3),(117,3),(120,3),(125,3),(127,3),(141,3),(150,3),(155,3),(173,3),(177,3),(179,3),(180,3),(184,3),(185,3),(192,3),(194,3),(198,3),(202,3),(215,3),(219,3),(220,3),(222,3),(227,3),(238,3),(256,3),(267,3),(274,3),(292,3),(293,3),(300,3),(2,4),(4,4),(7,4),(11,4),(20,4),(21,4),(31,4),(34,4),(35,4),(43,4),(44,4),(50,4),(56,4),(62,4),(75,4),(80,4),(81,4),(84,4),(86,4),(101,4),(105,4),(111,4),(127,4),(139,4),(141,4),(142,4),(159,4),(160,4),(165,4),(168,4),(171,4),(175,4),(189,4),(193,4),(195,4),(196,4),(202,4),(208,4),(218,4),(229,4),(236,4),(241,4),(261,4),(262,4),(273,4),(277,4),(284,4),(286,4),(287,4),(291,4),(294,4),(295,4),(300,4),(3,5),(11,5),(14,5),(24,5),(25,5),(31,5),(33,5),(44,5),(47,5),(50,5),(60,5),(63,5),(64,5),(65,5),(82,5),(94,5),(95,5),(99,5),(102,5),(108,5),(109,5),(114,5),(119,5),(129,5),(131,5),(133,5),(139,5),(140,5),(144,5),(154,5),(157,5),(162,5),(177,5),(188,5),(205,5),(210,5),(215,5),(216,5),(218,5),(226,5),(228,5),(231,5),(233,5),(238,5),(247,5),(249,5),(252,5),(254,5),(258,5),(269,5),(270,5),(274,5),(275,5),(278,5),(280,5),(289,5),(294,5),(299,5),(1,6),(5,6),(6,6),(21,6),(22,6),(26,6),(39,6),(45,6),(47,6),(48,6),(49,6),(51,6),(52,6),(55,6),(58,6),(64,6),(67,6),(71,6),(72,6),(77,6),(85,6),(87,6),(100,6),(103,6),(104,6),(110,6),(112,6),(118,6),(134,6),(143,6),(148,6),(149,6),(152,6),(153,6),(155,6),(160,6),(161,6),(163,6),(167,6),(178,6),(180,6),(183,6),(186,6),(189,6),(192,6),(204,6),(206,6),(212,6),(221,6),(232,6),(234,6),(239,6),(248,6),(250,6),(254,6),(265,6),(267,6),(268,6),(269,6),(270,6),(273,6),(282,6),(284,6),(287,6),(288,6),(296,6),(4,7),(27,7),(30,7),(31,7),(34,7),(37,7),(41,7),(53,7),(58,7),(59,7),(65,7),(71,7),(73,7),(88,7),(90,7),(96,7),(103,7),(107,7),(118,7),(126,7),(130,7),(145,7),(146,7),(147,7),(148,7),(149,7),(150,7),(152,7),(163,7),(168,7),(171,7),(174,7),(182,7),(187,7),(195,7),(196,7),(197,7),(199,7),(221,7),(227,7),(232,7),(235,7),(243,7),(247,7),(249,7),(260,7),(263,7),(278,7),(283,7),(10,8),(14,8),(15,8),(19,8),(21,8),(39,8),(41,8),(55,8),(56,8),(58,8),(61,8),(65,8),(66,8),(67,8),(70,8),(72,8),(78,8),(88,8),(93,8),(106,8),(109,8),(115,8),(116,8),(119,8),(121,8),(124,8),(128,8),(134,8),(138,8),(143,8),(155,8),(156,8),(163,8),(164,8),(172,8),(178,8),(181,8),(191,8),(200,8),(206,8),(215,8),(217,8),(219,8),(223,8),(231,8),(240,8),(259,8),(262,8),(275,8),(288,8),(291,8),(300,8),(2,9),(3,9),(5,9),(26,9),(28,9),(32,9),(40,9),(63,9),(80,9),(87,9),(89,9),(91,9),(92,9),(98,9),(116,9),(122,9),(124,9),(135,9),(137,9),(141,9),(142,9),(144,9),(145,9),(146,9),(149,9),(158,9),(160,9),(161,9),(164,9),(166,9),(170,9),(176,9),(193,9),(194,9),(196,9),(204,9),(206,9),(210,9),(211,9),(222,9),(225,9),(228,9),(230,9),(233,9),(234,9),(241,9),(244,9),(250,9),(253,9),(264,9),(266,9),(271,9),(274,9),(280,9),(289,9),(290,9),(297,9),(10,10),(12,10),(13,10),(15,10),(20,10),(28,10),(36,10),(38,10),(48,10),(53,10),(57,10),(59,10),(61,10),(70,10),(76,10),(79,10),(85,10),(90,10),(91,10),(93,10),(98,10),(100,10),(101,10),(111,10),(113,10),(117,10),(120,10),(125,10),(132,10),(147,10),(157,10),(158,10),(162,10),(177,10),(178,10),(179,10),(181,10),(187,10),(188,10),(190,10),(197,10),(202,10),(203,10),(205,10),(208,10),(214,10),(218,10),(225,10),(242,10),(243,10),(244,10),(245,10),(249,10),(252,10),(261,10),(267,10),(272,10),(278,10),(279,10),(287,10),(288,10),(296,10);
/*!40000 ALTER TABLE `movie_genres` ENABLE KEYS */;

--
-- Table structure for table `movies`
--

DROP TABLE IF EXISTS `movies`;
/*!40101 SET @saved_cs_client     = @@character_set_client */;
/*!50503 SET character_set_client = utf8mb4 */;
CREATE TABLE `movies` (
  `movie_id` int NOT NULL AUTO_INCREMENT,
  `title` varchar(200) DEFAULT NULL,
  `release_year` int DEFAULT NULL,
  `duration_minutes` int DEFAULT NULL,
  `description` text,
  PRIMARY KEY (`movie_id`)
) ENGINE=InnoDB AUTO_INCREMENT=301 DEFAULT CHARSET=utf8mb4 COLLATE=utf8mb4_0900_ai_ci;
/*!40101 SET character_set_client = @saved_cs_client */;

--
-- Dumping data for table `movies`
--

/*!40000 ALTER TABLE `movies` DISABLE KEYS */;
INSERT INTO `movies` VALUES (1,'Majority rise be hour',2016,153,'Situation worry law. Season similar miss society.\nInto hear manage always. Oil ago score blue without expect late. Art audience forget statement also Mrs.'),(2,'Itself number take',1988,131,'Thus author cost. Like bag grow improve.\nProject ok meet thought some provide increase recognize. Condition here bill Democrat.'),(3,'Start why',2001,159,'Answer you others concern fire north care. Wonder reality play four pass catch. Nature office at information question room.'),(4,'He tax quickly nice',2018,114,'Week kind various near feeling debate. Show left rock look husband relationship. Now system write Congress music fine.'),(5,'Since usually plant',2005,157,'Do necessary once I watch. Guy must lead friend evidence value.\nEspecially take care. Standard road night argue per red pressure.\nFirm during buy beautiful kitchen company.'),(6,'Threat someone affect collection',1984,130,'Again degree prepare whom few.\nRest increase business include special owner understand. Now month society visit.\nNation each without prepare.\nSoldier stay item phone.'),(7,'Street help',2023,128,'Cold keep particularly sense pull here. Build data court every address. Opportunity play deal admit later. Occur among free street energy over meet.'),(8,'Start continue',1981,76,'Yourself goal pressure back fish. Town unit game create again throw word book.\nDifference have pattern rest behind type. Firm network chair.'),(9,'Purpose thing',2002,95,'Her everyone rate who today happy audience lot. According morning network short hear.\nSpend medical decade economic imagine yourself represent. Miss away evening baby. Do sense great allow.'),(10,'Popular each week',2024,63,'Light skin bill explain director may fine. Future election one key speak. Professor tell animal sure admit bed house population.\nSell behind strategy tree point economic exactly.'),(11,'Trade admit',2007,146,'On number thing enjoy network who store. Southern protect road. Enjoy Democrat choose member.\nInformation sea head impact live strategy pretty. How marriage interesting school.'),(12,'Bill authority level',1989,69,'Security degree send evening mention form. Personal news prove safe soon environment hard.'),(13,'While material eye',2011,75,'His skill record real run fill. If threat behavior school body visit.\nOfficial decade bank maintain read turn. White here per. Care class senior night establish fine.'),(14,'Appear TV stage',2020,171,'Degree consumer significant half. I Mrs billion stay too.\nReturn daughter without huge treatment. Institution while once. Second again almost along.'),(15,'Realize able cost',2018,100,'Return nor blue look south street see. Successful sea grow size hot relationship.\nSeries exist Congress. Seven improve father remain.'),(16,'Too grow ability',2015,156,'Kitchen here bag instead something among. Building article food attorney edge body movement. He event economic figure. Certain positive detail follow front believe fund serve.'),(17,'Environment door less',2000,161,'Law she food economic life. Under arrive people mouth admit. Current simply arrive.\nMaybe music fight important east inside. Teach money national summer. During son long sister need hundred.'),(18,'Minute ready use',1992,169,'Fish claim visit those. Team officer tonight so probably thing physical. Director itself interest within together condition. Special down plan.'),(19,'Me somebody south will',1980,144,'Surface listen sign ball who every.\nA measure TV reflect box PM. Officer end bank road person pattern where. Home edge executive lead someone.'),(20,'People several red',2004,133,'Hour result each level mind job energy. Technology world she do particularly five inside. Everyone price music range responsibility weight. Present accept under base fly hope sound.'),(21,'Seem check',1994,69,'Whose early safe indeed name church. Grow culture successful happen perform trip.\nHospital number conference. Interview serious election. World scene organization society state view peace.'),(22,'Member population',2009,177,'Leg take adult media modern. Spring must decide how professional require.\nLikely could even across raise maintain report. Check along security. Pretty everything land indeed chance.'),(23,'With course',1995,167,'Admit as quite attention. Well current section among themselves. Education choose lay answer reason.'),(24,'Already low',1981,63,'Part avoid special experience. Full age hotel amount region in.\nNever whether next why our detail. Send rest successful.'),(25,'Police cup',1983,89,'Provide practice newspaper both.\nMorning make something trial ready buy miss fish. Week range range all.\nNever practice too occur drive. There career size talk.'),(26,'May boy',1989,164,'Land poor foreign will. Executive over structure may ability gas. Out car training organization think better.'),(27,'Many open',1990,119,'Hold bit thank toward white indeed. Until level investment human little focus. Pick least themselves my behavior hold.'),(28,'Hit total region',1991,147,'Among will address thus. Keep town impact several wind staff. Return word many house who.\nAcross interview question some article. Either member which up. Sound executive least summer.'),(29,'Leave unit',2022,178,'Or fast address second land ago Democrat cover. Born guess ok catch.\nEnjoy field senior describe. A box blue decade perform yes. Should food study better.'),(30,'Home skin water',1984,141,'Safe on better company common agree much.\nTen include indeed stand although. Four field agency center military. By goal newspaper will woman time. Final treat decade sure.'),(31,'Million who',1998,152,'Music pass conference skill clearly moment bar. Include up cut age sort occur. Product ready dog and arrive.\nValue defense least local attack key. Church industry know. Ball task action notice.'),(32,'High quickly',2020,123,'Defense during reality. Either family decade edge significant.\nDream type measure list. Section change find big movie our present.'),(33,'Item two',2017,134,'Head opportunity clear. Bank popular recently drug expert yard. Continue each reduce conference.\nQuestion leave around on. Fund among action have.'),(34,'Possible trial debate drug',2008,94,'Score cover event enjoy forward. Picture order standard report child room red. Security bar then size memory hear class.'),(35,'Science yourself',1994,95,'Money structure let owner benefit. Analysis wonder pattern treatment Republican suggest section. May ahead program head of item.\nRead resource test threat simply these.'),(36,'Say save',2012,123,'Soldier teacher interview learn only most type. Little central much yes meet interesting maintain. About development camera ahead pull pull. Fire dream maintain create sign science current.'),(37,'Mr lay enough',2013,107,'History knowledge often window show surface. Leg seem his also case drive give.\nLike nation employee commercial. Manage husband face race art company degree.'),(38,'Media lose model',2015,64,'Prevent bar enjoy language his much. See than listen. Until network Democrat gas.\nOwner weight pass some different I impact.\nGive notice star policy business season. Senior center born.'),(39,'Interesting',2008,158,'Where treat raise word dream more. Read network understand. Allow lose one away.\nTreat Mrs evidence test little strong religious. Lose total relationship work phone single.'),(40,'Anyone',2017,98,'Behavior half accept leader hard amount food. Which assume yard try this ground home.'),(41,'When red',2003,84,'Over event decision music career coach. Front several idea hit also. Debate some treatment evening job learn maybe.'),(42,'Though specific energy partner',2001,122,'Turn environment weight white. Until moment general enough. Chance level turn near same no unit.\nEvening forward place board parent. Nation side short measure sit.'),(43,'Could car speak',2013,109,'Six whole assume ok same media. Have eye while whom race as.'),(44,'Use sound',2015,150,'Bill occur live less ok first school. Little note social your take prove green.\nBlack wonder radio. Wind local treat.'),(45,'Free body',2014,165,'Point never choose city. Current threat toward own travel husband radio event. Ever program order eye spring.\nRaise score seven region buy street leg. Visit alone piece.'),(46,'This always',2000,77,'Find perform fear wonder blue couple give outside. Method water eye walk live remain.\nAbove instead bit more this summer. So movement record science. Buy for place feel no memory.'),(47,'Within eye lose',2009,116,'Strategy action red several describe few staff between. Sea yes certain black lawyer land we minute.\nEither really dog expect. All take pick since. Picture medical husband.'),(48,'Wish project',1999,76,'Anyone space report clearly our. Seem cup and quality. Open we leg.\nDemocrat she foot. You rather want keep.\nTerm maintain lot send wish. Something break might table respond thing.'),(49,'Road stand produce',1999,118,'Which president such west this action. Argue local actually brother. Allow go reality require point item.'),(50,'Congress so smile',2016,110,'Down join such political yard late. Stock campaign wear bad face appear detail. Range degree month less allow.'),(51,'Bank send car',1986,163,'Difference what buy see evening someone event. Wrong across information check case.\nBecause cover machine reduce. Matter have nor car.'),(52,'May land speak',1996,142,'Ask he chair particular. Customer first agency executive design happy woman.\nCollege available create. Budget blue conference stuff development research by age.'),(53,'Game option',1993,61,'Foot certain clearly technology stage. Wall or alone reduce tough. Such even paper force next could start.'),(54,'Break',1998,139,'Rest be stop page occur future. Forward serious pick fact thus artist leave.'),(55,'Early service',2005,75,'Family effect finally check imagine central.\nOver sign approach girl just space travel. Wide middle decide let. Everything successful include. Quite model outside owner leave during true.'),(56,'Reduce movie',1991,82,'A capital open you. Industry big admit place mission.\nSometimes hotel pay smile. Air serious write serve put. Area cost prepare three fight boy identify.'),(57,'Shake boy shake environment',1987,175,'Inside task what daughter benefit manage policy seven. Table toward generation six require part wonder. Test method sell music offer.'),(58,'Type wait',2008,146,'Explain total each pay house remember class. Nature us into party national.\nPractice small policy manager see certainly. Issue why tend air ability any mean.'),(59,'Day choose consumer',1984,124,'Operation outside consumer professor west picture. Themselves ground analysis piece kitchen drop. Individual main poor room.'),(60,'Station girl body',1989,117,'Various around process staff actually. Body describe because different.\nStrong natural hope air. Six piece happy media ability southern morning. Sea today and born possible.'),(61,'Treat',2024,70,'Body program drug ever day affect to stand. Whether someone artist.\nAudience left budget small manage check. Hold technology especially rich room. Not goal young bag.'),(62,'Story vote',2000,112,'Hot be respond girl must president. Forward institution material customer carry true. City change after PM must summer.'),(63,'Not sit reveal',1982,129,'Car surface beyond bad because. Arrive positive perhaps draw. Identify nature wind strong his consider.\nAround either fly give partner. Around buy place sell popular actually article study.'),(64,'Here suffer tree case',1990,100,'Begin fact thus draw figure. Even crime camera artist white technology consider minute. Question idea herself finally upon media believe.'),(65,'Television control',2016,146,'Key stay mouth decide worker. Sister next policy.\nCenter become rock add section black.\nLeast professional four religious. Find born current could early wife at. Sound necessary care eat play let.'),(66,'Foreign',1993,63,'Do blood cause there they their.\nReach green rock yeah stop accept image. Cause young stuff short condition. Every end bar military ok style.'),(67,'Agree military factor',1998,132,'Last budget citizen. Prove teach receive sign seven as. Take little magazine morning treat serve.'),(68,'Choose research',2015,129,'Fund usually discussion success. Agree mean go when wonder lay talk.\nIndeed either measure lawyer. Mean truth evidence deal center child manager against.'),(69,'Over friend',1999,127,'Human guess fall bad big four half. I carry experience I city western capital.'),(70,'Dream conference would sister',1993,80,'Term yourself pretty girl well. Approach door white deal memory oil past green. First almost page participant from future. With increase city commercial customer serve.'),(71,'Avoid',1993,123,'About expect president film this generation continue college. Word shake free article score determine set.\nNot force population. Force she pick force capital model treat.\nBody small nearly southern.'),(72,'Member',2006,63,'Very million radio write money PM. Prevent number measure similar. Arrive fund phone which which become.\nFloor push point executive per low. Pass themselves hospital. Management power son language.'),(73,'For continue',1984,74,'Keep risk remain forget crime camera rule. Red remember buy experience action school information range. Drop professor full herself run style.'),(74,'Respond movement then',1982,142,'My present sing baby up top build hit. Price to economy change. Maintain floor business financial.\nArgue decade itself try. Economic song yes tree wish give.'),(75,'Crime whatever',2021,103,'Short major contain history. Receive effect ground sense difficult relationship seven.\nReflect result building phone other major. Song lawyer team field power. Bad try real.'),(76,'Eat sell',2007,162,'Reflect political opportunity we treat away PM. Result cover wish within evening statement color. Case keep product lot learn.'),(77,'Image character',1991,150,'Whether tree manage role though skill first. Eye economy foreign after local.\nWear point best. Deal TV two democratic.\nStand history theory particular city. Hour fly if speech free.'),(78,'Let dinner',2023,82,'Stock central discussion debate color this. Bring campaign four agency seven. Card loss former but theory the.\nSing ahead support born. Chair new school degree should Mr.'),(79,'Occur room half',2005,85,'Hotel move save walk each great. Occur ability explain pass on treatment stand couple.\nThing artist sing glass popular. Public ago unit certainly gun son break.'),(80,'Job myself',1990,176,'Night rock food church do. Environment but control them cost seat.\nForget possible blue character couple. Both film daughter clearly nor.'),(81,'Individual oil really',2024,62,'Condition nothing technology final start mission listen tend. System main knowledge parent recognize. A use condition within. Great last foot itself.'),(82,'Attention form if type',2001,162,'Ask floor table recent then. Operation benefit at tough another choose. Despite water policy turn give field.'),(83,'Election man',1996,73,'Off choice again tree safe tough. Choose hair purpose home government reflect part. Life site author other.'),(84,'Return camera goal',1985,148,'Provide left floor public able exist with. Sell country resource. Tell ever amount catch job business party. Wear best how economy.'),(85,'Environmental plant',2010,73,'Son goal ahead painting never treat staff manage. Type effort too gun. Rest heart continue job east.'),(86,'Hotel his although nature',1995,70,'Design within effort bank study individual member would. Suffer medical only financial maybe stuff compare. Surface movement throw summer state within occur.'),(87,'Law physical',2009,167,'Common whatever couple coach. Field hour there research scene alone.\nMyself side record room fish sing hour. Source ability free.'),(88,'Relate smile item',2015,70,'Television role system over serious never per science. At figure development difficult hard sea manage edge.'),(89,'Current',2001,98,'Spend player parent. Us true how also notice. Teach huge design recent physical political say.'),(90,'Past member',2016,115,'Everything help economy cost. Occur rich sign. Laugh cost card. Past may according scene necessary which perform.'),(91,'Modern visit',1986,163,'Institution ability play anything writer. Law common decade away stage. Score week significant agree people speak.'),(92,'Likely free good',2002,159,'Discussion you drug you oil such. Them hit daughter.\nLeave put history address stand financial serious hand.'),(93,'Skill still might',2005,155,'Food employee wear image. Move plan organization eight together. Worry note must also even team exactly. Street cultural town worry world.\nCell street let necessary million lay you.'),(94,'Everybody majority draw',2012,70,'Building exist explain window soldier mean. Black heavy religious best who draw.\nBenefit between it state reflect necessary. Require vote with occur tree best international.'),(95,'Majority hour keep hand',1989,163,'Possible girl force identify a piece line. Themselves sense set never. Step various yard state method maintain. Area even piece include outside their offer.'),(96,'Which',1993,93,'Throw give fear mouth. Wall great before night amount.\nWhere many election finish go score. End fly learn.'),(97,'Agent meet fact discover',2012,154,'Goal brother stand whatever upon fish weight. Range check step. Ability site maintain school have live back.\nGroup up wind happy.'),(98,'Sport employee writer consider',1987,161,'Important church reach raise. Million act security. Professional thousand then career series.\nHave develop five bad create individual cup. Beat behind other measure beautiful involve do.'),(99,'Relationship plan you',1983,130,'Indicate poor lot attorney. Garden stay wife against land total.\nChoose success hard positive painting adult on most. Guy trial role music activity cold. Learn drive hot card.'),(100,'Employee west opportunity significant',2017,77,'Machine support put everybody effect kid. Administration put medical. Decide nothing apply sign guess among out.'),(101,'Capital anyone play',2005,107,'Now sit born like car. Relate information oil music together while deal. Relationship appear across not.\nProperty across ever my. Newspaper though space fly offer.'),(102,'Decision base',2000,90,'Concern half successful usually argue growth. Conference action able character. Rise thousand data participant property bank.'),(103,'Fund inside account',1995,64,'Step us have upon. Reality human could just.\nCustomer series ask special sea. Century market foreign purpose traditional that throw offer. Stand price mother should.'),(104,'Push scene share',1997,108,'Remember debate middle on.\nKeep tell project deal. Tv on second total apply serious authority.\nReason media police employee cut. Help summer tree south expect PM according.'),(105,'Effect pull only',1998,63,'Sound most ball full official. Next age however speak because relate. Generation girl address television relationship realize. Congress student money.'),(106,'Model among section',2019,99,'Agency fire available finish public. Grow recently foreign five process practice fly process.\nTrue drive customer son. Down program begin young kind thing particular.\nSeat prevent where.'),(107,'For today',2024,103,'Different ten kitchen thing. Impact name fine glass. Plant natural sister.\nNote democratic east he. Future move six standard.'),(108,'Than who',2018,69,'Loss note democratic development deal read cut.\nDirector couple what Mr popular. Fact board should he.'),(109,'Fish safe',2023,177,'Store lot value force face us. Bit increase number condition director.\nGreen his region more spend artist. Action throughout bill when property arm. Particular sense event smile during describe.'),(110,'Play by',1999,122,'Goal light base chair. This financial office. Say discover wear table cup they. Already major method against civil everyone great.\nAnalysis perhaps example. Career physical alone story.'),(111,'Operation shoulder watch leave',2014,82,'Democratic should continue low gas authority wear focus. Impact whatever age church language without. Degree technology expert success final. Current woman night message set coach past.'),(112,'Care require thus',2022,70,'Ever involve authority. Assume offer usually whom citizen data Democrat. War writer anyone control never.'),(113,'Similar let',2014,91,'Total generation price process. Effect argue recognize that job. Live particular campaign little up sister heart notice.'),(114,'Focus society',1981,108,'Avoid interesting book window. Maybe employee so treatment every especially physical white.\nTown rest identify young.'),(115,'Everybody country past',2016,136,'Wonder Mrs since. Join throughout benefit day place without. Energy station event a.\nPartner writer building Congress. Enjoy stuff left soon use.'),(116,'Senior stuff',1996,112,'Suggest woman tough. So produce decide any large market whether group.\nReal skill design. Box hotel somebody major let kitchen.'),(117,'Seven stock',1985,99,'Involve special note through woman every action. Right animal hold article product. Newspaper hand ten.\nChurch plan sign similar father matter. Ok which significant public have TV part will.'),(118,'There deal season name',2012,94,'Job Congress body performance. Democrat concern long religious under beyond. Would strategy occur feel create.\nOld mother people PM seat put us.\nType special course.'),(119,'Subject color next',2023,175,'Great standard mean take section first success. Single for choice edge including base.'),(120,'Skill face ability',2006,121,'Car listen process try. Former three reflect hard. Half radio sometimes hospital feeling.\nBreak detail machine able black talk.'),(121,'Mouth hot manage',2018,139,'Peace medical morning. Drug soldier six leave see spring once front.\nMatter player site on song know. Player notice agree.'),(122,'Already feeling',2011,147,'Recognize hundred smile draw institution public. News money wrong position.\nAffect represent sometimes husband. By never nor.'),(123,'Until rather board',2007,111,'Specific for us military you staff road. Within sell more specific idea shoulder real. Great agree likely wear full.\nEach pull reason per admit. Agreement over agency yes.'),(124,'Machine play the product',2005,111,'War movement walk will successful family by food. Second start drive thousand guess along. Minute behavior state well PM simply thus only.'),(125,'Now consider',2022,145,'Just very modern. Us visit news.\nEnter happen sense question contain new say. Early everyone pattern.\nForward Congress life moment together.\nEconomy year tell. Beyond clear throw.'),(126,'Rich water special important',1989,100,'Money beautiful grow perhaps. Republican page nothing apply require size. Book our stand money food red.'),(127,'Agent',2009,168,'Throughout eat fish certain be such. Third might heavy. Issue new international less like less speech on.\nCollege off what season check control method. Again and pretty star generation better then.'),(128,'Pass away parent',1999,121,'Rock behind tell left want find six player.\nMust nearly pretty force ready save main. Matter style threat popular.'),(129,'Where small',1984,147,'Forget two animal debate. Fear contain beyond administration. Between control better age find.\nResponsibility cut hot adult despite move recent. Suffer table be parent everyone take style.'),(130,'Personal especially woman space',2021,90,'Fear according let young speak natural enough. Thought may clearly necessary teach leg difficult.\nWhether current realize quickly brother. Mind hit wife party.'),(131,'Special writer',1982,154,'Well history camera difficult. Deal organization indeed well lead. Test west foreign situation simply important small easy. Beyond laugh last right improve focus.'),(132,'Land management',2021,145,'Current start available data. Son actually owner next since travel entire.'),(133,'Also indeed process',1990,173,'Second art produce. Do what example if. Very occur news expert.\nMy race enter eye. Speech role official.'),(134,'Worry',1990,154,'Listen wait stop speech. Consumer skin teach. Remain produce teach several business.\nExperience lead body seem. Improve grow politics cell force. Area past will.'),(135,'Fund',1981,71,'Range surface under site hour. Opportunity as know brother medical road. Begin there safe family medical already affect may.'),(136,'Enter second',2005,97,'Fight already close air large.\nAlways sit like article no next once drive.\nYour law and player board. Myself white once billion speak. Take try more sport process big mean.'),(137,'War experience then experience',1995,124,'Unit method north service. Statement poor reach able suddenly increase option.\nShow shake discover stage standard government production. Summer player nothing church again.'),(138,'Note weight',1989,177,'Those nearly probably cell themselves they.\nBeat movie health long however election thank.\nGas group nothing push beyond share adult kitchen.\nOperation employee either present business feel.'),(139,'Kid guess enter to',2007,100,'Past reveal practice eight statement another lawyer scientist. Also improve office pattern. Movement want difference exactly partner sport shake paper.'),(140,'Today stuff candidate',1996,98,'High quickly politics reduce. Ever trade until reach. Wall share between child voice.\nFeeling after throw foot since. Under may bring. Wrong clear ground yard foreign moment turn.'),(141,'Design research south',1992,176,'His least send attack.\nSuffer around word industry however know month. Step raise eye western owner speech result themselves.'),(142,'Nor difficult',1983,72,'Sport individual set need over. Soon respond human machine something.'),(143,'Though wrong from why',2023,174,'House his sea our growth job where. College fast likely positive wide.\nEight various man chance blue in. Might tough brother imagine within fight goal.'),(144,'Point account',2008,161,'Natural lawyer allow but good model. Beat trouble pattern test.\nSit source positive clearly black radio live. Decade hear religious question.\nCompare say foot bag. Ask ok put campaign dark.'),(145,'End third',1986,160,'Window strong exactly keep speak degree minute. Director near name in there our analysis. Win security plant ever.\nEstablish alone fall site TV. Mrs media throughout security door business.'),(146,'Value close east point',2000,94,'Then data interesting able. Themselves mean economic. Within perform explain significant listen place process.'),(147,'People drive',2008,152,'Risk bar sell film high phone how. Never level only agree particularly concern forward save.'),(148,'Ability anything',1980,75,'Piece end benefit education help part bar. Season single report about.\nWant yard skin commercial teach begin.'),(149,'Save stand concern',1985,174,'Such scene both he military she. Daughter tell field fire Mrs. Sit study either wish.\nEast fast his return significant lay keep. Form camera middle cultural kind. Pattern my almost fall.'),(150,'Family interview',2024,139,'Race leader ability. Accept majority campaign stop. Couple technology reveal determine.\nRecent according program eight sometimes evening. Sense work thought training news situation out economic.'),(151,'This voice',1995,110,'Again beat fast. With firm certainly share memory manage nor thus.\nOther trade police. Agree wife only per hotel go. Dog over accept thousand I best.'),(152,'Tv idea message',2006,113,'Decade deep which local forget create wonder pass. Policy democratic we popular small as. Mention surface create rather.'),(153,'However high across',2011,106,'Role from plan gas subject respond voice. Figure top attorney must let anyone. Major collection central safe respond.\nClass treatment forget professor population future. Face sister approach care.'),(154,'Smile record person',2023,137,'Require development majority. Energy theory mind shake behind concern. Affect game bad interesting organization state. Its fish national scene city.'),(155,'Couple fine what',1982,91,'Which have kind feel other. Thought world term affect interview. Almost item still wife training agent affect.'),(156,'Upon lose',1999,163,'Management note already must year base. Myself at American art before detail buy evening.\nThough sister majority challenge responsibility program.'),(157,'Game cell show',1994,141,'Hair end particularly listen huge. Around them American response. Here less bad agree course.'),(158,'Perhaps stock office',2014,155,'Activity reality president Mrs nature seek treatment. Local change generation similar important truth budget. Generation amount hair air.'),(159,'Live',2006,148,'House key remember full air pay. Cup while fish once worker.\nAvoid energy fly young lawyer entire.'),(160,'Miss even whose',2007,68,'Middle say director series every. Generation member crime onto. Might on hope turn cell lose force.'),(161,'Child',2003,89,'Career want number. Back major simple behavior right issue interview whose. See organization system whether.'),(162,'Store clear expert south',1984,105,'Determine share season.\nInformation various yeah pressure suggest color window. Example future weight green difficult option. Cold present community miss whatever relationship.'),(163,'As provide',2017,103,'Thousand feeling plan try only. Despite than provide rate yard good our.\nRoad hospital successful ago involve center right. Man performance give kid author serve learn. Situation forget region even.'),(164,'Hot not animal',1985,123,'Court network sister his situation. Still manager degree show happy.\nActually buy before especially. Require certain people.\nMeasure most build lay wait two support. Without art situation huge line.'),(165,'Left remember something',2001,172,'On economic call indeed security crime rock. Science suffer culture.\nBit far challenge reason thing special floor.'),(166,'Seat walk',2005,149,'Area attorney dream. Assume medical answer form easy. Too relationship find tend herself.\nLater woman sign man data back well. Cold sea so mind company unit. Write nation however officer read decide.'),(167,'System exist',2003,106,'Land class process factor control. Own week win accept inside.'),(168,'Catch better',2009,83,'Have security page same already road. Win happen break prepare respond care. Debate catch company what majority.'),(169,'Less week',2014,150,'Represent media girl serve body peace who. There include watch instead. West brother bank.\nTheir no well which gun between. Contain decision attack foreign name wall report.'),(170,'Decide start',2007,150,'Set even tonight. Improve early able poor campaign same idea. Treat on finally military message young tough send.'),(171,'Between',1991,126,'North daughter police west. Stuff bad out term.\nArticle behavior future produce account economic big.\nNew together head also last. Them wish better against guy. Tend against staff admit north notice.'),(172,'Whatever',2023,138,'Tax worker night perform politics yet. Force same high education.\nMusic write adult law ask stock. Effort development dream six. Majority able include stay right rule.\nNothing power activity.'),(173,'Respond station morning',1989,103,'I soldier science create week mean offer. Teach stand wonder team. Many purpose gun science well someone until.'),(174,'Local few',2017,144,'Name develop positive. Majority decide shake true happy language tree. Fast meeting others remain. Cut resource ball.'),(175,'Last',1987,104,'Occur either some process. Person sport idea six. Half send nice.\nReal financial arm ground receive prepare detail. Section week raise full.'),(176,'Stuff issue little family',2003,117,'Understand generation because technology. So church ground specific evening left nothing play. They attorney statement others language everybody.'),(177,'Help sit you',2005,129,'Reveal common hit until yet. Old up participant your since.\nSmall form throughout stay instead front on challenge. Speech have agent play door. Power collection have discover.'),(178,'Build first size',1983,88,'Democrat surface pass structure. Detail debate billion voice.'),(179,'Unit anything',2015,152,'Probably per night smile. Image likely lay show defense wear serious. Power drive himself. Seat there east sell suggest.'),(180,'Perform there',1995,120,'Decide cover be identify teacher dark many. Peace news life news. Control simple list prove body hard admit provide. Movement west training get environmental however this process.'),(181,'Together',2004,107,'Sure voice pretty prevent enough movie teach.\nMean table kitchen full similar scene.\nAlmost later analysis structure some scene. Reason raise until rock pay. Bar music reality network office.'),(182,'Watch role my',2007,66,'Sea across need tend begin pull way. Time however red world. Name respond peace.\nMessage there rise for foot. Government writer behind easy town all whose. Field network economy Mr.'),(183,'While',1997,78,'Account surface treat term involve threat leave. Hot table possible certainly although read. Science dinner soon policy whether me style break.\nArm sometimes in represent join perhaps turn.'),(184,'Take PM government',2007,167,'Table also class. Tonight must turn consumer issue. Action chair dog report together security message.'),(185,'Something lose today',2020,156,'Month win nice list president. Might seek television sort tell security politics short.\nProcess necessary around building measure. Hold open artist leg indeed mind note happen.'),(186,'Our court',2019,97,'List ahead without community school family. Change common wide. Medical above difference race hope policy economy.'),(187,'Finish young assume',1989,106,'Write matter production standard fine. Her benefit bill wish skill feeling.'),(188,'She style',2003,140,'Offer they along rule effect provide move.\nClass pretty tree goal. Serious magazine too population. Expert personal experience new nearly. Need draw special anything admit mean lot.'),(189,'Democrat civil statement',2009,73,'Term hit process soldier speak key. Interview sometimes why could family. Raise hit situation right loss strategy court.'),(190,'Show technology they',1997,74,'Various fall very foot. Read court leave situation bad number result. City far foot group receive save. Accept foreign population building cold Republican.'),(191,'Source own',1980,99,'Oil state spring. Author book alone.\nFish make institution possible account major side its. Treat compare buy lose.'),(192,'Recently green prevent',1991,149,'Back race him kind next history quite. House kitchen specific will mention Republican.\nMoney here class door realize spend. Nation alone into. Share positive baby why marriage evidence.'),(193,'Feeling throw',2016,159,'Series share his here time benefit. Peace low help allow.\nAway answer data low benefit. Tree be half commercial require professor represent plan.'),(194,'Speak trade away',2007,75,'Especially senior simply ever remember arrive me gas. Lawyer no address condition building stop time democratic.\nAir at yard all window. Brother modern rock commercial choice wide real son.'),(195,'Subject light effort',2005,93,'Born several interest stage. East offer great happy once. Report yes exactly top.\nOccur check exist move democratic mention. Cup entire sometimes many nothing news involve one. A hand anything.'),(196,'Eight miss western establish',2009,147,'Happen campaign draw clearly husband central significant. Institution even now song send. Beyond loss who.'),(197,'Significant plant notice',2007,161,'Meet box responsibility authority sport. Bit pull treat carry more everybody. Everyone situation leave team fire.\nMusic second food oil time could campaign. Easy worry raise. Military almost else.'),(198,'Put behavior',1983,101,'Full book language forward official across. Rate top our throughout send there. Back several nature general treatment develop away.'),(199,'Run other',2010,92,'Energy when least remember. Term century reason himself mean media. Trade draw particularly indicate.\nBag music face live. Commercial reason rock week series since. Go land receive now.'),(200,'Cold movement',1986,154,'Morning center office strong. Nation serious above reveal one school dog election.\nAlso while put particularly. Least discover town.\nPopular writer affect coach outside.'),(201,'Positive budget as',1987,87,'Degree party deal of. Our out seat to concern. Value police address what party magazine offer. During expect scene rock will who plan.'),(202,'Easy form',1993,62,'Discover begin too certain. Popular town option source hair floor. Memory truth together senior country.\nControl different part happen charge.'),(203,'Look everyone where',2016,116,'Discuss continue big control imagine business. Front maintain body level data. Eye pattern yourself reach.\nStand focus along particularly western page improve. Pass rate main class cost.'),(204,'Style product you',1984,114,'Ball measure live market. Down world onto talk possible.\nParticipant support science exist drop. Employee learn energy image data.'),(205,'Recent head',2003,166,'Any top deal white rule. Add board computer catch natural for same.\nMilitary stuff chance national poor method development full. Year view lay leader always take after.'),(206,'Again yard go',2017,168,'Collection pattern fly situation. Chance establish argue which provide. Drug blood value develop.'),(207,'Perform probably',1986,116,'Check test lawyer later particularly realize majority. Visit agreement coach his pattern American. Wide group difference mouth admit rich section.'),(208,'Consumer try',1992,75,'Here himself laugh her trade either somebody. Rise important various stop traditional compare. Wall specific small probably only ten class. Approach admit fact seek might better.'),(209,'Stand including',2010,139,'Produce institution total dinner mean behind yet. Finish for behavior question relationship.\nDuring none what upon. Though she home who. People style money here put policy leave fill.'),(210,'Leader add',2016,116,'Tell dinner outside benefit result. Information explain beat east performance her whether. Our member important attorney growth training mention.'),(211,'Box best bit',1993,72,'Issue let maintain be decision the for among. Foreign perform how find none.\nMagazine wife allow share before education.'),(212,'Single reduce',2019,84,'Wind dark will past thing generation. Face husband they happen.\nNote pick team remain she early bag. Raise some still manager green. Example world use little identify.'),(213,'Beat election',2008,168,'Hot when federal production better require. Voice add agency eat compare bill box wind. Over what wait sea.'),(214,'Shake professor',2011,84,'Hit crime month couple. Half method every growth. After sing officer soon join read.\nNor thus really area. Some speech current campaign.\nAlong act fill structure. Safe community value expect.'),(215,'Couple just agreement',2005,81,'Minute than whole serious. Key single pressure Congress strong start.\nEasy simple mind challenge. Store billion always appear response everybody most. Together score many cause society.'),(216,'Claim card improve at',2014,85,'Success you son specific visit her. Place person take sit any market.'),(217,'Similar',2006,94,'Pass listen run attorney operation policy north. Thousand total main issue else article. Know significant teacher agent.'),(218,'Hotel one own',2021,173,'Attorney often fine draw. Main road onto how painting authority option.\nCheck memory unit relate raise. Democrat finish support morning natural.'),(219,'Nor require',2000,87,'Move campaign fear debate important line.\nTheir national pay painting. Magazine course away soldier.'),(220,'Life indeed',2001,100,'Road five article catch. Summer section natural mother blue.\nSimply onto discuss color charge hair. Huge standard later quickly eight rather more.'),(221,'Can wrong perform',2013,138,'Mouth heart tend no third those program. Name man current live bad half father. Tv think early relationship within draw.'),(222,'Fine investment',2019,71,'Today easy yeah possible space may. Wear part section may student. Fear coach surface.\nHeart black hotel suggest purpose two be. Size fast local record door. Brother week actually join song thank TV.'),(223,'Argue everyone',2002,119,'Southern put career team foreign notice member.\nHuman produce stuff produce chair. Three treat offer.'),(224,'Money test',2004,119,'Voice mention could prove believe less. Mission food catch top.\nHour tend experience car mother south. Modern report early travel get remember. Different full media memory seat technology.'),(225,'Technology rate',2021,165,'I bar have. Such put until visit move together. Who dream democratic material wife somebody.\nKid build everything.\nDecide another brother. Various energy lead painting race mouth others.'),(226,'Research risk million',1985,161,'Record fact capital window ask human still. Possible those style listen generation personal food. Mind defense agree hit former thought road.'),(227,'Without forward',1997,89,'Only mind something party. Suggest exactly return. Assume business simply learn mother after.\nBack right room modern between. Close draw look go event out laugh answer.'),(228,'Recently attorney prevent',1987,103,'Possible yourself activity appear professor. Walk cup hair leader its interesting case.\nPerformance their bad investment any Mr. Lawyer air economy maintain someone method.'),(229,'Box read',1983,137,'Second century laugh event. Finish ball star attorney. Everyone leader news feel attorney.\nInterview then us begin. Little big including walk. Common end where during that middle.'),(230,'Traditional forward before',1985,91,'We some answer few whom a help. Do national defense spend girl age work.\nResource charge quickly end face computer course. Detail better lose she simple matter treatment.'),(231,'Way catch',1992,69,'Ever trial mean reflect. Management perform peace another. Worker explain television.'),(232,'Become test dark central',1995,135,'Hand perform hair yeah continue offer when. We but system nature major. High language only fine position.\nColor figure over. Network building assume.'),(233,'Available everybody western',1981,148,'Former side by relate place college idea. Consider lose fast data school eye level. Specific form institution form sound reveal series fight.\nArea two imagine. Weight out poor run.'),(234,'Break student',1992,180,'Various today hour shake. Expert attorney when fire project.\nHowever budget that.\nLeast reason stuff beautiful. Interesting avoid major back expert rate democratic.'),(235,'Without',1998,113,'Though money test possible her. Finish write decision may painting assume detail cell.\nHouse tonight recent himself.'),(236,'Choice stay',1983,69,'Down because wish will west challenge call week. Time knowledge alone generation. Southern cost into home.'),(237,'Kind couple',1981,114,'Figure dog thing. Model analysis democratic than require. Drop party visit finally especially particular happen.\nWest benefit hope value prepare sure dream.'),(238,'Threat society',1992,148,'Somebody experience entire. Better thank case up join.\nHope class standard southern sea arm small. Amount catch soon loss. Read position throughout indeed someone.'),(239,'Condition threat sign',2002,144,'Right chance kind agreement adult attorney. Smile particularly sport card single ok.\nLarge job on always cover stock. Available together without effort cause lay mother.'),(240,'Traditional stay',2002,102,'Candidate wide cause.\nSection follow management network account. Edge yourself least.\nItself I Democrat door rock attention.\nAgo organization bed section collection music property.'),(241,'Suffer hospital',2015,163,'Especially million author worry. Point Congress upon but entire nature.\nNor Mrs treatment leg interesting future. Different direction him wish partner herself create.'),(242,'Message response',1983,141,'Company discover sometimes. Blood few even example these behavior practice power.\nSpecific case hot hear before off. Rule mission tend evidence.'),(243,'Adult or political',1999,99,'Five soldier seat certainly. Fine memory evidence.\nAttention respond money more agent exactly. Value issue arrive out. Edge player suggest police policy sport. When charge safe feeling former.'),(244,'Draw action',2003,137,'Include method fight meeting. Remember since career show. Focus practice though fill.'),(245,'Remember former wide',2019,153,'Clearly already what raise report list letter. Purpose crime agree minute light lawyer month plant.\nMean possible quality audience including realize attack. Represent film fire drop law.'),(246,'Than',1988,93,'Last still reduce although half fall. Prepare box on available against field grow act. Simply mention team organization ability cell about game.'),(247,'After everything',1994,90,'Join forward public kid show month focus. Least service group reason company by score. Because even blue performance language girl manager.'),(248,'Up cause ground',2023,92,'Just positive food difficult order individual. Daughter wonder machine drug act.'),(249,'Tonight network',2001,103,'Police interest name interesting cost.\nVote process themselves bring sort could. Research within whatever coach.\nSection activity guy need.'),(250,'Us where rest',2005,101,'Change future our voice despite full. Scientist statement seek court back both. Job skin adult clearly.'),(251,'Change up finish commercial',2020,77,'Young today maintain Congress. Ability open exactly natural moment certainly blood.\nCrime defense finally first country early adult everything. Trouble box nearly coach move food quality.'),(252,'Lead determine suffer',1981,82,'Pick exactly near wear current. Few Mrs write deal campaign I. Discussion billion throughout mind road. Military military recognize general bit difference artist.'),(253,'Democratic task',1996,177,'Direction never hundred baby. Value easy short drug year source fire.\nFire have church tree. Discover dinner sister share buy then. Very parent decade people glass black.'),(254,'Relationship population',1980,81,'Company social short until result. Each third only cover year believe outside less. Suffer figure camera call a magazine.\nSign amount fine read school. Activity quite thank ok or exist.'),(255,'Room old during sense',1987,105,'Speak spring job. Technology force summer nation area son produce. Next society teacher to miss foot like job.\nSmile produce building use eight factor.'),(256,'Song study money',2023,145,'Science ago debate safe media. Compare whatever admit range who what. Size room night wind way paper.'),(257,'Modern agree begin',1988,92,'Event ahead themselves senior give will evidence card. Art without home alone. Senior begin east adult environmental Congress training how.'),(258,'Cover turn court',2002,127,'In hit western but. Discover education from also you happy. Hair sport center rich charge instead.\nAbove stuff recent miss sound Mr. Well million current successful high.'),(259,'Nothing scientist',2000,110,'Agency near catch movie mind scientist feeling. Daughter performance send fight society know Mrs.\nResearch environment require painting. Never sign author stock public. Sport seek real simple.'),(260,'After letter',2005,75,'What former policy we. Among remember despite marriage trip sense. Write talk bring sign.\nCertain small no water. Phone appear live college road front one. Decision outside wife place official.'),(261,'Center sing',1986,75,'Simple young garden director plant north investment. Magazine even middle no effect sell follow stand. Mother purpose way enjoy exactly however report.'),(262,'Research eat',1999,83,'Serious particularly front song.\nAgain surface full. Travel Mr hit adult share two low.\nShe what seven two. Form security floor out. Always save manager race while along.'),(263,'City citizen finish',1995,156,'Skill thing state hot pass. Tough entire total tax. Hard work animal society bit phone.\nPick action beautiful save national. Task pattern can treat agent build.'),(264,'Truth decide particular',1980,164,'Citizen center red life chair run. Nearly product worker individual.\nBad gun allow various. Per Republican certain so can. Become perhaps house.'),(265,'Understand',2016,164,'Season rate thus ground television claim heavy indicate. Agree trouble through half. Administration significant public throughout fly window stock.'),(266,'Middle',2008,72,'Yard different item capital. Benefit mother expert particular thus. Central draw treatment.'),(267,'Stay remember skin over',2002,87,'Woman just everybody PM several range station stage. Reason price peace. Just data half well firm none modern right.\nVote bed I open.'),(268,'Way item',2011,67,'Former security deep exist evidence theory. Despite finally sound edge car. Imagine thought conference our.\nDifferent hour decision particularly. Candidate piece letter high explain.'),(269,'Successful of compare step',2001,126,'What fine pass require. Yeah sure reality both. For value program whether gas enjoy cold learn.\nRule charge soon.\nCurrent black degree college phone. Out hot range tend leave successful after listen.'),(270,'Strategy modern then',2003,60,'Later culture dream health player. Friend join raise yard.\nSummer yourself town impact nice practice sometimes. Audience sure research party agreement purpose realize.'),(271,'Charge year happy',1999,145,'Management Mrs war scene work list. Recently expect someone service later.\nView evidence reveal on. Concern important mind may plant stay dog three. Seven already purpose recent fight.'),(272,'Admit list',2012,175,'Face southern from really agent. South enjoy available us. Blood last successful. Real doctor possible bank almost company performance.'),(273,'Truth collection',1981,105,'Such build style beautiful material. Financial church body book argue window room indicate. No her mention many within major. Hour stock town however call.'),(274,'Its old',1980,75,'Water with could trouble organization themselves degree. Carry coach stand. Will which travel cup score across point. Girl sing feeling answer change arm movement.'),(275,'Relationship dark everyone child',2019,178,'Idea step happen from.\nArt item business notice amount evening at medical. World growth about century method.\nSpace reason run sense. Nearly bar because participant star.'),(276,'Network',1983,179,'Resource maybe Congress administration wall wear.'),(277,'Pressure quickly check as',2005,132,'Chance can be art leg product. True performance little PM cost idea. Throw phone ball hit.\nSomething some natural want better none. Buy case itself mean. Wide low man instead risk report ground fly.'),(278,'Section interest',2024,109,'Old teacher also wear. Baby one forward land.\nSupport hand from measure. Mouth officer street step want remain year.\nPolice school rich show. Executive skill whatever evidence.'),(279,'Expect argue',2017,93,'Thing leave election edge simply look college group. Be positive their firm rather power. That technology day wide.\nTruth sort defense. Prevent else appear long too.'),(280,'Along those son',2014,117,'Or open interesting until relationship ground fact data. Time question church north. Majority industry recognize left rule little the fear.\nRespond speak race. Senior whole phone across manage.'),(281,'Put cold idea',2013,71,'Key now capital yeah indeed picture. See you recent nature there. Toward care easy. Prove expert popular budget.'),(282,'Full up',1999,156,'House shake wonder structure human paper. Inside note sister. Lot day house every office forward.'),(283,'Enter read',1981,110,'Great material after police company. Laugh none race amount between story.\nSo not employee arm table appear. Lead main wide certain history view understand.'),(284,'Attention foot',2004,131,'Clear rest chance. Dream forget type yourself moment bill member. Current lawyer show student middle.'),(285,'Blood enter',2009,78,'Visit contain community go gun already. Usually fine charge special value fund simple.'),(286,'Organization president east',1996,79,'Daughter next create. Return anything teach leg water.\nYeah term specific option. Town interest most admit example.'),(287,'Break challenge',1989,62,'Fill four well voice glass. Maybe attention power society when.\nFill strategy military into remember. Much as question rich if claim. Catch evening fish.'),(288,'Wish old',1981,78,'Mention receive they adult. Condition ball concern behavior.\nRead eight personal whose article task quality interview. Use seat choice against pick. Movie now accept research.'),(289,'Way son represent',1987,105,'Particular collection control sit. Box generation stay outside evidence research.'),(290,'Last hear',2015,83,'Add town game. Administration bill bar unit become main.\nFront past story series method explain. Within wind central three begin important. Bar their imagine.'),(291,'Room without',1997,111,'Throw leg art identify teacher significant. Gas skill alone throughout deal east role.\nYes measure upon personal life often career open. Road four task skill meet. These southern throw important.'),(292,'Age something',2020,160,'Maintain south bag in. Near yard memory enter teacher activity six.\nSeven base data much. Scene worker economy door add camera. Then spend eight do wall. Drug score foot subject.'),(293,'Fall already',1987,79,'Clearly agency yes personal point. Four into outside area similar person itself. Necessary kid tend.\nLoss student might size control believe. Shoulder artist better foot. Relationship cell some try.'),(294,'Model late',2002,128,'From war effect second catch. Total power business management successful upon building.\nAction past exactly power account within. Try someone college both hour board. Office now item effect.'),(295,'Later pull station',2019,161,'Employee car need star simply. Church herself successful less.\nAmerican election police baby yard room.\nEight carry bag do information.'),(296,'Know prepare',2007,78,'Indicate while popular almost under treatment dog.\nMagazine newspaper during. Kind yourself enjoy sister a full.'),(297,'Their reach yes',2018,164,'Into also tax manage sell.\nConsider eat improve green. Loss window my choice with young.'),(298,'Thought save',1990,110,'Night mother list enter democratic teach among. Theory rich along quickly will million.\nHalf suddenly few sing physical rate.'),(299,'Often special',1992,68,'Adult author perhaps prove. Add check call red. Student case director sound suffer work position.\nBenefit exist offer order player author expect. Eat pick pick language late weight phone.'),(300,'Seem sea civil',1984,140,'Anyone however event success open. Past likely nature only factor analysis assume. Easy lead city effect west lawyer answer.');
/*!40000 ALTER TABLE `movies` ENABLE KEYS */;

--
-- Table structure for table `ratings`
--

DROP TABLE IF EXISTS `ratings`;
/*!40101 SET @saved_cs_client     = @@character_set_client */;
/*!50503 SET character_set_client = utf8mb4 */;
CREATE TABLE `ratings` (
  `user_id` int NOT NULL,
  `movie_id` int NOT NULL,
  `rating` tinyint DEFAULT NULL,
  `review` text,
  `rating_date` date DEFAULT NULL,
  PRIMARY KEY (`user_id`,`movie_id`),
  KEY `movie_id` (`movie_id`),
  CONSTRAINT `ratings_ibfk_1` FOREIGN KEY (`user_id`) REFERENCES `users` (`user_id`),
  CONSTRAINT `ratings_ibfk_2` FOREIGN KEY (`movie_id`) REFERENCES `movies` (`movie_id`),
  CONSTRAINT `ratings_chk_1` CHECK ((`rating` between 1 and 5))
) ENGINE=InnoDB DEFAULT CHARSET=utf8mb4 COLLATE=utf8mb4_0900_ai_ci;
/*!40101 SET character_set_client = @saved_cs_client */;

--
-- Dumping data for table `ratings`
--

/*!40000 ALTER TABLE `ratings` DISABLE KEYS */;
INSERT INTO `ratings` VALUES (1,18,1,'Tonight commercial not through travel officer.','2024-07-07'),(1,125,5,'Gas live focus choice attack it represent customer.','2024-09-29'),(1,185,1,'Draw already hour.','2025-02-10'),(1,236,3,'Spring house evening street research even.','2024-08-21'),(2,207,3,'Day wall yet day.','2024-12-24'),(2,268,3,'Try offer protect often dinner base.','2024-12-29'),(2,274,3,'Style laugh control.','2024-08-19'),(2,275,3,'Piece personal action couple level.','2024-06-15'),(2,294,2,'Painting system according ok need force.','2025-02-18'),(3,21,3,'Whom late together spring my later.','2024-08-10'),(3,49,3,'Mrs recent speak happen international store.','2024-09-15'),(3,54,3,'Recognize lead another television difficult detail thank scene.','2024-11-08'),(3,126,4,'Chair best land law social writer middle.','2025-03-05'),(4,93,3,'Much nice that concern range.','2024-05-11'),(4,184,1,'Perhaps memory party piece section party account.','2025-03-19'),(5,84,1,'From cost bill ok determine force blood.','2024-07-09'),(5,180,3,'If anyone happy south performance.','2024-10-02'),(5,184,2,'Truth during amount exactly kitchen.','2024-11-01'),(5,204,2,'Move station forget find mind.','2024-12-01'),(5,236,5,'Now nearly value thank.','2024-12-17'),(6,44,4,'Benefit behavior need face only stage professional.','2024-12-08'),(6,256,1,'Move girl fear whether.','2024-10-17'),(6,259,5,'Hard consider technology bad.','2024-12-07'),(7,61,2,'Leave subject imagine if eye level.','2024-10-16'),(7,297,4,'Speech loss or left road.','2025-04-10'),(8,238,2,'Reveal indeed single power.','2025-02-05'),(8,278,2,'Keep office else know without dinner wall pretty.','2024-10-05'),(9,55,5,'Management prove benefit size say station.','2024-05-29'),(9,77,5,'Technology activity box factor.','2025-03-22'),(9,89,1,'Stay them church minute specific.','2024-09-25'),(9,229,4,'Describe team phone human free president.','2024-06-02'),(9,233,2,'Fly leader choose news central range wrong.','2025-02-25'),(9,257,4,'Class attack foreign hear could major.','2025-01-29'),(9,258,4,'Yet meet free board theory.','2024-08-31'),(10,78,4,'Bad capital record decide meeting almost wait.','2024-06-11'),(10,93,1,'Begin fire owner there conference.','2024-10-10'),(10,96,5,'Bank someone agency happen go plant respond.','2024-11-20'),(10,229,3,'Drop various sport Congress pattern support.','2024-07-25'),(10,261,3,'Against staff example miss quite none game eye.','2024-05-03'),(11,115,2,'Of garden until lose her cold program air.','2024-10-06'),(11,240,4,'Price true final seem individual structure cut.','2024-09-11'),(12,127,1,'Political shake lead mind would world.','2024-05-06'),(13,101,3,'Republican carry learn more charge important.','2025-02-11'),(13,113,2,'Sing your organization kind impact hot.','2024-10-25'),(13,124,3,'To middle represent drop.','2025-02-27'),(13,133,3,'Share music take on way.','2025-04-04'),(13,193,2,'Answer send moment describe within.','2024-09-12'),(13,197,5,'Model middle end she color use.','2024-09-04'),(13,235,2,'Even role discuss.','2024-05-20'),(14,48,5,'Whole expert few program value.','2024-08-08'),(14,143,4,'And often beat for.','2024-05-06'),(14,206,2,'Member home everything both between.','2025-03-19'),(14,214,5,'Down involve book item fast week job.','2024-12-13'),(14,281,5,'Voice dream us show.','2024-09-20'),(15,106,1,'Such maybe single the.','2025-01-11'),(16,112,4,'Easy later member my wrong while.','2024-07-14'),(16,197,1,'Door along group inside.','2024-05-29'),(16,210,1,'One box bring feeling stop.','2024-06-27'),(17,13,3,'Life area may owner which week long.','2025-01-27'),(17,44,4,'Against music choice series top international himself.','2024-12-08'),(17,157,1,'Article ask quite song.','2025-04-05'),(17,179,5,'Ten tend though great.','2024-10-05'),(17,181,2,'Parent such with stock few.','2024-08-07'),(17,248,5,'Poor feeling pick become.','2024-10-28'),(17,254,4,'Though born suffer each notice seven decision.','2024-05-28'),(18,55,2,'Young shoulder respond let could exist air.','2024-06-03'),(18,164,1,'Whatever product wish available resource art the.','2024-11-24'),(18,222,3,'Within chance example artist factor other.','2025-03-06'),(19,145,5,'Help responsibility next knowledge interesting compare.','2025-01-26'),(19,156,2,'Also also official take example.','2025-04-08'),(19,208,5,'Method statement four shoulder bit store bag serve.','2025-01-20'),(19,226,2,'Answer tell region baby cut.','2025-03-09'),(20,107,1,'Service high animal sport mission offer popular.','2025-03-18'),(21,19,1,'Join executive produce lose statement.','2025-04-01'),(21,25,1,'Early good news give matter soldier.','2025-03-04'),(21,82,4,'Involve hospital food image computer.','2025-02-08'),(21,127,2,'Pressure reach bill describe ago book heavy.','2024-08-08'),(21,175,5,'Call step produce also try.','2024-05-11'),(22,115,4,'Paper something effort team trip Republican.','2024-11-23'),(22,137,2,'Same child owner.','2024-04-29'),(22,237,1,'Property possible those training others represent.','2024-12-18'),(23,29,4,'Throughout this TV upon same.','2025-03-11'),(23,181,3,'Mrs hit because issue.','2024-05-02'),(23,202,4,'Anything event better section attorney pick watch point.','2025-01-06'),(23,224,2,'Officer home oil may easy second.','2025-03-23'),(24,25,4,'Success measure senior behind voice.','2024-09-17'),(24,84,3,'Maybe central cold cultural.','2024-11-22'),(24,156,4,'Short recently offer.','2024-11-16'),(24,198,2,'You radio follow watch.','2024-09-08'),(24,210,4,'Do report dark lose fact against cause blood.','2024-05-08'),(24,274,5,'Give free growth land.','2024-10-10'),(25,71,5,'Bring chance hit trade knowledge why.','2025-01-10'),(25,160,5,'Moment safe not thought hold skill.','2024-11-19'),(25,163,4,'Suffer cold personal laugh they.','2024-07-02'),(25,249,3,'School list strategy.','2024-09-14'),(26,43,4,'Evidence listen arrive education beyond social.','2025-02-28'),(26,103,1,'Control lead eat build tough significant spring reduce.','2024-08-04'),(26,261,3,'Among must treat media wonder.','2024-05-20'),(26,286,1,'Early moment discussion often per benefit end truth.','2025-01-08'),(27,13,5,'Pick although sort policy agree my.','2024-11-11'),(27,43,2,'At stage clearly thought.','2025-02-19'),(27,48,4,'Onto consider true exist anything result speech TV.','2025-02-10'),(27,51,4,'Employee group what miss moment.','2025-03-07'),(27,88,4,'Measure shake much two realize argue forward.','2025-03-18'),(27,120,1,'Us past occur even standard character if compare.','2025-01-28'),(27,135,1,'System long outside wait.','2024-10-30'),(27,152,2,'Analysis college suffer message Republican impact.','2024-07-21'),(27,194,5,'Condition pattern former building.','2025-01-02'),(27,212,1,'Time effect place front sure those design.','2024-08-04'),(28,16,1,'Bed defense music keep.','2024-12-04'),(28,48,3,'Start hard name recent increase cold social.','2025-03-01'),(28,191,2,'Seven keep do pretty whose fact.','2025-04-08'),(28,258,5,'Tv leave worker yard fill nearly guy but.','2024-10-24'),(29,42,2,'Factor operation fund.','2025-02-17'),(29,44,5,'You ground yard visit ahead.','2024-12-23'),(29,55,5,'Size season loss car.','2025-03-12'),(29,64,4,'Sometimes people man.','2024-06-17'),(29,78,4,'Vote staff policy remain fine month.','2025-01-09'),(29,93,1,'Middle very race writer.','2024-08-13'),(29,175,1,'Finally yard part people catch air that.','2024-07-25'),(29,261,4,'Recent by hand develop against education.','2024-11-12'),(30,47,1,'Mr wife then dark actually him me gas.','2024-09-25'),(30,61,4,'Make quickly military majority citizen.','2025-01-27'),(30,118,4,'Find door leader sea as treatment.','2024-05-31'),(30,141,2,'Both above according thing born.','2024-07-14'),(30,297,1,'Lead paper deal just.','2024-08-24'),(31,83,2,'Those section daughter interest.','2024-07-07'),(32,87,2,'Read walk size high.','2024-11-08'),(32,107,5,'Bad change personal right option.','2025-04-19'),(32,151,1,'Movie American much police kid.','2024-11-21'),(34,27,5,'Effort think open collection cost score identify.','2024-12-15'),(34,113,2,'Skill return rich improve enter.','2024-08-15'),(34,117,1,'Group among coach drug college wear.','2024-07-22'),(34,151,4,'Though water level floor instead oil hit on.','2024-10-15'),(34,237,1,'Continue citizen but.','2024-12-09'),(34,261,1,'Discover half across realize teach rather protect.','2024-09-11'),(35,198,4,'Book would ask later threat line.','2024-05-22'),(35,202,4,'Long light kid bed TV front.','2024-05-03'),(35,299,2,'Vote across listen plan fact.','2024-09-19'),(36,9,3,'Economic program whatever.','2024-12-08'),(36,124,1,'Hear owner president open run.','2025-03-05'),(36,185,3,'Purpose report quickly why.','2025-01-10'),(36,227,3,'New long meet.','2024-07-02'),(37,1,4,'Consider later prove vote technology red provide.','2024-07-21'),(37,15,3,'Accept enough office sound resource office though.','2024-09-24'),(37,43,4,'Head run decision production.','2024-07-01'),(37,162,4,'Indicate sort live allow avoid series cultural.','2024-09-30'),(37,173,2,'System cause last.','2024-10-30'),(37,180,1,'Society movie growth main.','2025-04-09'),(37,232,3,'Finally easy describe friend.','2024-11-13'),(37,296,2,'Admit job model call.','2024-11-02'),(38,13,5,'Realize anything of trade seat.','2024-11-14'),(38,27,4,'Activity individual fight.','2025-02-12'),(38,96,1,'Event that action even method.','2025-04-14'),(38,281,2,'Hour reality new from class.','2024-07-21'),(39,172,3,'Key seek learn hour peace.','2024-11-01'),(39,210,1,'Actually sound goal parent suddenly where itself chance.','2025-02-07'),(39,285,2,'South surface relate authority garden drop.','2025-01-03'),(40,87,3,'Another if write order son.','2024-05-08'),(40,99,5,'Production happen approach risk.','2025-01-02'),(40,197,3,'Ten focus through value scene if.','2024-11-24'),(41,153,2,'True including project hot ok.','2025-03-20'),(41,188,5,'Third feel various research discuss figure.','2025-01-20'),(41,192,4,'Environment unit score soldier able.','2024-10-18'),(42,10,1,'Certain spend agree until.','2025-02-24'),(42,297,5,'Memory per half cup appear send Democrat she.','2024-08-05'),(43,13,1,'Debate peace whom finally.','2024-06-22'),(43,227,1,'Activity dinner free military these.','2025-01-23'),(44,8,5,'Performance again the team traditional.','2024-07-01'),(44,32,4,'Technology just approach yet.','2024-06-20'),(44,35,3,'Social we media stop vote season.','2024-10-25'),(44,70,5,'Husband place social brother series fund.','2024-08-08'),(44,114,2,'Foreign year house business none public.','2024-06-13'),(44,192,1,'Order financial worry forget story both head.','2024-04-25'),(45,86,4,'Test song camera final marriage decide brother.','2024-12-30'),(45,96,2,'Attack which hard see soldier.','2025-02-07'),(45,223,3,'Show rate watch too us nothing.','2024-06-09'),(46,10,4,'For strong meet leader structure reason.','2025-01-06'),(46,137,3,'Many environmental discuss miss upon weight.','2024-05-28'),(46,149,2,'Two method expert Republican.','2024-05-10'),(47,1,1,'Away former behavior sister window line yourself.','2024-08-23'),(47,254,2,'Term again necessary song indicate.','2024-05-23'),(47,292,3,'Always mind then positive deep.','2024-11-29'),(48,8,1,'Glass contain which campaign since.','2025-04-03'),(48,83,5,'Stock deep new degree.','2024-12-05'),(48,143,2,'Growth election year would population still while of.','2024-04-27'),(48,208,5,'Director service activity woman risk.','2025-03-14'),(48,254,3,'Particular serve century member dog health behind.','2025-04-14'),(49,29,3,'Candidate live environmental sing into.','2025-01-03'),(49,125,4,'Level study occur rest tonight change.','2024-10-17'),(49,198,4,'People either start month season.','2024-07-03'),(50,35,2,'Its onto person space professional cause imagine.','2024-05-21'),(50,70,2,'Project weight our hour push market.','2024-11-30'),(50,85,4,'Information matter side develop bar fish probably.','2024-07-02'),(51,13,2,'Ago also speak stand office.','2024-06-06'),(51,83,5,'Pick gun himself your.','2024-11-11'),(51,268,5,'Beat including rather wind create receive.','2025-03-28'),(52,3,5,'Ball rich should national small.','2024-12-03'),(52,107,5,'Dinner adult so owner throughout.','2025-03-03'),(52,207,1,'Paper free use sign what and nothing.','2024-11-27'),(53,2,2,'Ask listen moment too occur.','2024-05-27'),(53,34,3,'Society him trouble assume.','2024-10-02'),(53,52,3,'Else mouth ability.','2024-05-16'),(53,74,5,'Add fast should economy admit goal unit.','2025-03-30'),(53,106,1,'Top such series people establish available stock audience.','2024-08-25'),(53,147,5,'Manager arrive mother nature general.','2025-02-22'),(54,16,3,'Tax red decision course though these.','2025-01-09'),(54,39,4,'Even night pretty bring management fine stay.','2024-08-26'),(54,84,5,'Who live science of miss as break.','2024-11-06'),(54,202,2,'Buy likely attention oil provide leg what tax.','2024-10-26'),(54,256,3,'Attack audience individual positive hope Congress.','2024-12-25'),(55,16,5,'Until detail system address.','2024-12-11'),(55,210,5,'Stage perhaps check up any team.','2025-01-16'),(56,37,4,'Clearly agreement commercial energy past.','2024-05-31'),(56,93,2,'Minute relationship country popular generation future bad toward.','2024-11-26'),(56,108,1,'Blood performance those clearly table within.','2024-06-23'),(56,271,3,'War long off back nearly model group successful.','2025-04-01'),(56,282,3,'Expect themselves American knowledge poor as.','2024-11-14'),(57,55,1,'Campaign time against key.','2024-12-07'),(57,71,4,'Pm century art nor most strategy.','2024-06-08'),(57,77,4,'By ten admit south either sport likely.','2024-07-03'),(57,120,4,'Detail produce national how.','2024-08-21'),(57,253,4,'Daughter team investment recently.','2024-08-04'),(58,110,4,'Season hit really.','2025-01-25'),(58,123,4,'Catch someone authority.','2024-05-27'),(58,129,1,'Ten picture each discussion whole wrong how.','2025-04-13'),(58,258,4,'Thought argue know policy.','2024-05-02'),(58,277,3,'Sister same senior source pattern most.','2024-09-19'),(58,295,4,'Town past center tough charge trouble.','2025-04-22'),(59,4,2,'Star sport official quality summer.','2024-08-20'),(59,42,1,'Explain on as piece television among exist sport.','2024-05-05'),(59,105,4,'Fish nice similar executive activity.','2024-11-06'),(59,261,4,'But choose skin science other.','2025-04-10'),(59,288,1,'Point experience maybe will.','2024-08-07'),(60,36,4,'Positive world safe religious end who measure.','2024-10-09'),(60,145,4,'Interest body some adult perform.','2024-07-15'),(60,149,2,'Country major close.','2024-10-15'),(61,9,2,'Administration rest particular much wife green summer notice.','2024-05-16'),(61,178,5,'Eye every drive state enjoy.','2024-09-23'),(61,220,3,'If base executive act available trouble mouth.','2025-02-03'),(62,42,1,'Fire view radio rate total national several cell.','2025-01-04'),(62,44,5,'Avoid government send night.','2025-03-06'),(62,269,5,'Simply provide recently positive page through ability.','2024-11-19'),(62,294,3,'Federal no rate brother agreement true while.','2025-03-11'),(63,10,4,'Possible event white hope morning.','2025-03-20'),(63,41,4,'Data computer high myself.','2024-12-29'),(63,87,1,'Nothing receive condition involve.','2024-08-14'),(63,96,1,'Design someone popular whatever.','2024-12-11'),(63,142,5,'Respond office sure modern live.','2024-06-27'),(63,150,4,'Fall between building I.','2025-02-18'),(63,171,4,'Against window course policy.','2025-01-31'),(63,206,5,'Because beyond along alone the.','2025-02-26'),(63,252,5,'Most student seek sometimes.','2024-07-18'),(63,261,4,'Energy population figure not design.','2024-09-23'),(65,13,3,'Including good stay summer boy voice.','2025-02-24'),(65,234,2,'Radio many hear yourself.','2025-02-19'),(65,239,4,'Challenge film summer seat.','2025-04-07'),(66,149,1,'Son table Democrat impact tax describe.','2025-04-13'),(66,156,4,'Kid campaign must rock ability else.','2024-12-14'),(66,166,5,'Black bed election collection.','2025-01-28'),(66,167,3,'Draw they east act economy.','2024-08-17'),(66,176,2,'Election blood impact try charge.','2024-11-29'),(66,211,4,'Prevent tend bit benefit really.','2024-07-05'),(66,278,3,'Election out lawyer great second.','2024-05-16'),(66,288,5,'Buy beat at mention culture campaign take outside.','2025-02-10'),(67,45,5,'Respond so pressure join mention.','2025-02-15'),(67,109,4,'Four unit large amount themselves hand.','2024-05-21'),(67,189,4,'Window would worker four throughout news.','2024-08-22'),(68,159,1,'Ever within low.','2024-11-02'),(69,57,5,'Some perhaps space serious order material alone.','2024-07-30'),(69,163,4,'Enjoy better mean without sit.','2024-11-07'),(69,167,3,'Out poor else song serve start.','2024-11-01'),(69,194,4,'Guy one ground newspaper our effect.','2024-04-27'),(69,209,2,'Yard prove race.','2024-05-30'),(69,272,1,'Shoulder former end test seek and investment.','2025-03-10'),(69,297,4,'Meet not field store improve.','2025-02-22'),(70,14,3,'Professor money career place onto thought machine.','2025-01-08'),(70,101,3,'Class herself political.','2024-05-31'),(70,124,4,'Strategy game student authority hard part.','2025-01-20'),(70,160,3,'Draw financial age no medical less college collection.','2025-03-01'),(71,35,1,'Determine card difference course relationship radio sense.','2024-08-14'),(71,202,1,'Nation class student itself.','2024-11-27'),(71,241,3,'Pass risk trade model visit future popular.','2024-06-21'),(72,35,5,'Government rate west figure increase case cut describe.','2024-05-09'),(72,69,2,'Raise cut audience story professional three.','2025-02-08'),(72,88,4,'Whether choose network at like pay successful.','2024-10-25'),(72,117,1,'Point company reason.','2024-08-24'),(72,260,2,'Meet physical question social.','2024-07-11'),(73,137,2,'Road east stop thank or professor camera.','2024-05-15'),(73,166,1,'According current decision tough shake election.','2024-12-06'),(73,204,2,'Day brother quickly choice put.','2024-12-27'),(73,205,5,'Government series not type.','2024-05-07'),(73,254,3,'Product forward design increase assume president candidate.','2024-06-12'),(73,258,4,'Money change even analysis for financial break.','2025-01-17'),(73,281,3,'Bring movement he voice have wind doctor.','2024-12-07'),(73,282,5,'Brother near significant all that strategy consider.','2024-07-25'),(73,292,5,'Green meet treatment six of employee.','2024-08-01'),(74,58,3,'Natural within later but watch everything important.','2024-06-17'),(74,109,2,'Stop old table bag process his.','2024-05-05'),(75,4,4,'From let size parent four seem.','2025-04-18'),(75,11,1,'Prove north PM.','2024-08-22'),(75,202,4,'Music sometimes statement machine.','2024-07-25'),(75,213,4,'Movement piece television them item clear.','2024-09-11'),(75,237,2,'Group talk here exactly choice require.','2025-02-11'),(75,273,4,'Fact follow stand force.','2024-06-24'),(75,297,2,'Worry television model.','2024-06-17'),(76,52,5,'Institution field campaign now service its manage few.','2025-02-06'),(76,53,5,'Certainly beautiful throughout speech voice process hold.','2025-02-27'),(76,183,5,'Garden night prove.','2024-12-01'),(76,247,3,'If operation spring education likely.','2024-09-25'),(76,277,3,'Especially range choice perhaps authority performance drop.','2024-05-21'),(76,288,1,'We charge available choice.','2025-02-03'),(76,297,3,'Beyond executive miss four.','2024-11-19'),(77,4,1,'Executive administration yet level.','2025-02-17'),(77,275,3,'Significant color they shoulder price six prepare opportunity.','2024-12-04'),(78,63,3,'Voice finish couple state seek hold.','2024-12-03'),(78,133,5,'Several see expect eight call sign.','2024-08-29'),(78,234,3,'Today recent go support blood degree authority.','2024-12-04'),(78,265,1,'Bad game weight start campaign from face.','2024-08-18'),(79,120,4,'Scientist enough month vote almost general.','2024-12-16'),(79,265,4,'Wonder maintain son news assume else bag.','2025-01-06'),(80,86,5,'Voice body artist stage.','2024-07-14'),(80,156,2,'Anyone bar father understand effort.','2024-12-04'),(80,221,2,'Job dream personal treat book.','2024-10-28'),(80,300,2,'Success everything or and.','2024-05-29'),(81,66,5,'Just eight on statement good.','2025-03-28'),(81,121,1,'Just mouth it collection media yeah challenge.','2024-12-01'),(81,263,4,'Activity follow democratic seven although.','2024-09-25'),(81,283,3,'Past wrong magazine total however group say.','2025-04-18'),(82,99,1,'Exist mouth plan either opportunity.','2024-11-27'),(83,35,4,'Can only off.','2025-03-31'),(83,191,4,'Miss alone firm eye attention family.','2024-11-06'),(83,192,1,'Alone lose wrong soon field action.','2024-11-12'),(83,213,3,'Will ahead finally not.','2024-06-28'),(83,258,1,'Social key real expect.','2024-11-02'),(84,61,5,'Budget six court difficult notice.','2024-07-02'),(84,207,4,'Indeed argue beautiful take statement sound.','2024-07-02'),(85,100,3,'Strong nearly when per.','2025-02-22'),(85,203,1,'Decade night head almost fire.','2025-03-02'),(85,256,3,'Picture church fast think.','2025-04-02'),(86,6,4,'Teacher throw player owner practice explain around.','2024-09-28'),(86,57,4,'Although become nearly where.','2025-01-17'),(86,80,3,'Interview bag well bit action.','2024-06-26'),(86,81,4,'Chair quite movie performance become generation.','2025-04-10'),(86,83,5,'Level us bill green arrive order.','2024-06-26'),(86,111,1,'Discover property television leg.','2024-04-28'),(86,263,3,'Really matter send language back room choice.','2025-03-02'),(87,176,2,'Physical if front up poor.','2025-04-09'),(87,210,4,'Late debate future shake.','2024-10-12'),(88,23,4,'Amount approach wear yeah.','2025-02-10'),(88,61,2,'Any energy theory wear first.','2025-02-10'),(88,237,2,'Career nature almost information.','2024-12-24'),(88,269,5,'East item later war.','2024-04-29'),(89,39,5,'Property hope partner.','2024-06-09'),(89,215,4,'During dream movement imagine but heavy protect writer.','2024-10-16'),(90,70,5,'Religious group itself day trial.','2024-11-02'),(90,108,1,'From performance certain place high wish season.','2025-02-11'),(90,195,3,'Me serve already share test fall our.','2024-08-25'),(90,204,2,'Because stage note than.','2025-01-22'),(90,211,3,'Pm lead many world ball industry.','2025-03-16'),(90,229,4,'Month unit fall director.','2024-07-03'),(91,27,2,'Wide able study usually first others.','2024-08-14'),(91,63,3,'Her something fund process.','2025-02-18'),(91,86,3,'Impact coach treat rest town be year.','2024-10-11'),(91,119,2,'Entire allow understand.','2024-07-27'),(91,129,2,'Maybe every during position.','2025-02-03'),(92,191,4,'Song interview worker air red board.','2024-10-18'),(93,184,1,'Available issue always.','2024-10-13'),(93,286,1,'North turn every.','2025-03-12'),(94,46,2,'Little without none section marriage share.','2024-09-09'),(94,64,4,'Away task billion company control money yard.','2024-09-26'),(94,73,3,'Week per hospital future throughout.','2025-04-23'),(94,129,5,'Early brother allow what reach herself through.','2025-03-05'),(95,30,4,'Check certain later everybody recent model.','2024-05-09'),(95,43,5,'Test seat sea part often trip upon.','2024-11-11'),(95,143,5,'Fight find stage religious believe dark.','2024-12-09'),(95,287,1,'Big line none less wind hot.','2024-08-30'),(96,2,2,'Executive sure without hundred top.','2024-12-05'),(96,21,1,'Stage wear defense total.','2024-06-14'),(96,88,2,'Type door two four throughout lay citizen.','2025-01-01'),(96,101,5,'Box mind participant image girl.','2024-09-07'),(96,112,1,'Debate wrong Republican something child reveal future.','2024-07-17'),(96,115,2,'Above look military meet remain.','2025-02-15'),(96,160,1,'Appear series partner off better guy.','2024-10-24'),(97,39,1,'Rich next wear off message.','2025-02-10'),(97,47,5,'Teach customer position future.','2024-12-31'),(97,160,1,'First house table.','2025-04-18'),(97,296,3,'Many speech foreign culture give performance.','2024-07-06'),(98,34,5,'Partner her involve see tax kid test.','2024-11-08'),(98,115,2,'Visit or structure health affect crime notice.','2024-11-17'),(98,192,4,'Work action their compare still.','2024-09-20'),(98,217,5,'Term rule detail fire.','2025-01-10'),(99,57,5,'Security dog hold travel media nice as member.','2024-07-07'),(99,61,4,'Street window skill.','2025-01-17'),(99,111,4,'Change now debate.','2024-11-22'),(99,217,2,'Suffer might PM Mrs behind notice.','2025-01-13'),(99,275,1,'Eight chair condition tree across.','2025-02-18'),(99,276,4,'Tell foreign know sing.','2024-11-03'),(100,15,4,'Three alone site phone turn.','2024-07-11'),(100,123,4,'Organization do purpose mind.','2024-12-23'),(100,137,3,'Blue business war.','2025-04-16'),(100,138,1,'Rock grow nor decision data discussion.','2025-01-29'),(100,183,4,'Situation quite most city pretty.','2025-03-24'),(101,3,2,'Pick PM present idea simply himself eight.','2024-11-24'),(101,47,2,'Room any expect itself girl development.','2024-07-28'),(101,166,1,'Participant sister approach even pass entire leg.','2025-02-10'),(101,255,1,'Other do oil.','2025-01-27'),(102,4,2,'Bring science fast learn watch natural five practice.','2024-08-02'),(102,39,1,'Onto garden debate side continue.','2024-08-10'),(102,41,1,'Head wall despite whatever put tough.','2024-07-27'),(102,59,3,'Large change everybody thousand issue summer.','2024-11-04'),(102,233,3,'Door can talk chair these.','2024-07-25'),(102,298,3,'Cause among point page either east.','2024-10-15'),(103,99,2,'About source reality drive great bring.','2024-10-03'),(103,164,5,'Inside commercial system technology usually ready.','2024-11-05'),(103,175,5,'Until tree wear brother ahead left.','2024-07-04'),(103,266,1,'Stop rock history movement.','2024-08-18'),(103,291,5,'Religious field put little put.','2024-12-19'),(104,33,2,'Scientist project big front fill level.','2025-02-08'),(105,237,4,'Information fast full thousand.','2024-11-23'),(106,7,1,'Bring field collection style school quality science.','2024-08-10'),(107,141,3,'Cause hope value ten north modern prevent.','2024-12-27'),(107,175,4,'Doctor radio theory popular buy.','2025-01-01'),(107,193,3,'Hospital hot offer concern director kitchen.','2024-10-05'),(107,205,2,'Work development network voice career wife.','2024-07-01'),(108,6,1,'Professional again black two half.','2025-03-20'),(108,43,1,'Name population rather should could.','2025-02-24'),(108,74,3,'Data end public lead purpose certainly sign.','2025-03-26'),(108,143,1,'Six statement me know land.','2025-03-24'),(108,175,3,'Heavy both improve simple.','2024-08-19'),(108,238,4,'Film method reflect building wrong indeed three.','2024-12-01'),(108,249,3,'Bed blue star.','2025-02-05'),(109,49,3,'Believe child prepare.','2025-03-24'),(109,162,4,'Admit feel attorney.','2024-10-18'),(109,228,1,'Offer media worker full Mr.','2024-05-09'),(109,258,5,'Town defense upon mean certainly long culture.','2024-08-25'),(110,142,1,'Follow will notice evening.','2024-10-26'),(110,143,4,'Home huge protect us short agency.','2025-04-22'),(110,225,3,'More mouth series say past fire mind lose.','2024-07-01'),(111,20,4,'Difference near image back itself sometimes.','2024-11-07'),(111,33,4,'Available expert ago.','2024-12-27'),(111,52,4,'Sing interesting space new.','2025-04-14'),(111,184,3,'I plan theory protect establish sing.','2024-11-12'),(111,253,3,'Population its court do up degree.','2024-06-09'),(111,292,2,'Option rich on school.','2024-12-24'),(111,299,4,'Relationship check argue thousand choice more.','2024-08-20'),(112,10,1,'Stand mind with enjoy I worry picture off.','2025-01-31'),(112,87,4,'Hope provide firm cost.','2025-03-23'),(112,134,1,'Likely control collection court.','2024-05-11'),(112,166,3,'Activity after bank amount use.','2024-06-19'),(112,213,4,'Indeed real ahead any find yourself service benefit.','2024-07-07'),(113,8,4,'Thousand itself risk trouble art.','2024-10-19'),(113,97,1,'Visit everyone environmental phone.','2024-08-26'),(113,199,3,'Magazine success suffer leave artist she.','2024-06-16'),(114,31,2,'Read mother already open.','2025-04-18'),(114,186,2,'From require account choose.','2024-10-08'),(114,292,1,'Above bank grow need.','2025-01-04'),(115,67,4,'Involve a at side important.','2024-05-17'),(115,70,4,'Approach concern up perform without.','2024-08-22'),(115,76,3,'Pay husband successful factor here.','2025-02-22'),(115,108,4,'Appear source partner model.','2024-10-01'),(115,212,1,'Official happen health control everything game amount.','2024-10-05'),(115,246,2,'Class anything develop film house even eye.','2025-03-04'),(116,92,3,'Management very baby avoid wall activity.','2025-03-25'),(116,100,4,'Hard out very without around late off.','2024-10-09'),(117,93,5,'Fear performance work pull box meeting.','2024-12-25'),(117,189,3,'City weight tonight cultural.','2024-11-15'),(118,137,1,'Knowledge phone analysis movement cost staff.','2024-09-23'),(118,202,4,'Reveal rise manager already.','2024-07-06'),(119,6,3,'Method behind picture section dark.','2024-10-11'),(119,9,1,'Wall side something development particular.','2024-12-05'),(120,272,3,'Meet science spring know.','2024-07-05'),(120,281,4,'Field evening area must candidate point poor.','2024-08-01'),(121,138,5,'Camera able eat administration old describe boy head.','2024-07-31'),(121,165,3,'Defense rate different.','2024-12-18'),(121,182,3,'Somebody safe attention such.','2025-02-13'),(121,288,4,'Air until west throw.','2024-10-21'),(122,122,1,'Tonight treat brother PM range name language.','2025-01-22'),(122,143,2,'Future add stock list red.','2024-12-31'),(122,156,3,'Society above live system speech approach.','2024-05-01'),(122,270,2,'Strategy eat voice day fight cost time.','2025-02-24'),(124,56,3,'Same effort election campaign else.','2025-03-12'),(124,208,5,'Nor note recently quality yard.','2024-12-10'),(124,217,2,'Audience man who dog watch another imagine.','2024-07-01'),(124,300,2,'Open star risk happen also focus.','2024-06-11'),(125,98,1,'Billion because food morning process operation military moment.','2024-07-27'),(125,101,5,'Until early result serve argue.','2025-01-20'),(125,105,1,'Very charge it can lose.','2024-09-09'),(125,107,3,'Quite research material evidence start race.','2025-03-12'),(125,173,4,'Reality debate former shoulder bag.','2024-10-29'),(125,238,1,'West know southern rock senior.','2025-01-16'),(125,269,5,'Job help great never whole between box.','2024-10-24'),(125,278,2,'Control realize much step goal why.','2024-08-17'),(126,17,4,'Front mean source push participant.','2024-07-25'),(126,45,1,'Guy attorney work rather.','2025-03-27'),(126,80,2,'Middle it during car production civil.','2025-01-31'),(126,135,3,'Dinner boy result plan smile.','2024-08-21'),(126,169,5,'Hospital trip training section behavior least.','2025-04-04'),(126,198,4,'Worry shake major bill bank drive.','2024-11-19'),(126,223,3,'Give international include none.','2025-01-10'),(126,262,4,'Staff or challenge drug executive.','2024-12-23'),(126,270,3,'Material method road project type field.','2025-01-29'),(127,138,4,'Authority result allow support energy participant pattern.','2024-08-06'),(128,128,1,'Especially wait four change guess.','2024-05-09'),(128,136,1,'Shoulder list nature environment trade life identify.','2024-10-24'),(128,203,5,'Back matter pull safe.','2024-04-28'),(128,294,3,'Treatment traditional all news card security idea.','2024-04-25'),(129,21,3,'Degree visit score together door arrive.','2024-12-28'),(129,187,5,'Nearly court early yourself someone.','2024-05-24'),(129,204,2,'Avoid finish institution wait major bar raise guess.','2024-08-01'),(130,18,5,'Analysis usually their.','2024-12-27'),(130,30,5,'Key manage finish policy show less either.','2024-05-14'),(130,126,4,'Improve mouth kid loss.','2025-04-19'),(130,141,1,'Concern camera could effort sing.','2024-05-21'),(130,163,5,'War upon money child culture authority building beautiful.','2024-11-16'),(131,23,1,'Exist environment participant garden investment enough.','2024-10-27'),(131,98,3,'Hard require support career suggest industry experience.','2024-10-27'),(131,153,2,'Population point machine cut threat smile.','2024-11-08'),(131,226,2,'Source recent edge threat pattern far.','2025-04-11'),(131,276,2,'Tend six listen light.','2024-10-17'),(132,48,5,'Clearly question which or.','2024-09-01'),(132,119,2,'Cell away mission join.','2025-04-07'),(132,130,1,'Space of you rule surface.','2024-06-11'),(132,235,2,'Perhaps usually cause each.','2024-05-28'),(132,253,4,'Suddenly recently avoid he agent well medical.','2024-09-02'),(132,264,2,'Serious trip structure maintain key career.','2024-05-16'),(133,34,1,'Knowledge his process she individual need.','2024-05-20'),(133,86,3,'Apply them large especially avoid market admit.','2025-02-13'),(133,214,3,'Human affect gun court all president something despite.','2024-07-02'),(133,225,1,'Specific quite growth myself too red rule.','2024-05-01'),(133,276,4,'Traditional keep store week buy hard evening.','2024-12-21'),(133,298,5,'But war nation prove investment standard.','2025-03-24'),(134,163,5,'Allow individual room spend despite cut what place.','2025-02-12'),(135,45,1,'Ten certain Republican among work brother task.','2025-04-22'),(135,155,2,'All write follow free section.','2024-06-28'),(135,227,5,'Tonight as total against lay community food.','2025-02-17'),(135,283,3,'Father beautiful morning usually Congress finish sell.','2024-11-27'),(136,8,3,'Development American attack almost degree development free magazine.','2024-11-08'),(136,14,4,'Give dog according traditional also month.','2024-12-22'),(136,46,3,'Here training page provide.','2025-03-24'),(136,84,4,'Hospital article low smile.','2024-10-25'),(136,149,2,'Message outside pick exist create left radio.','2024-11-20'),(136,223,2,'Through old serve support.','2024-09-15'),(136,251,1,'Value explain financial family appear wish require control.','2024-12-02'),(136,284,1,'Value special four half.','2024-10-22'),(136,286,3,'A much early Republican company already weight.','2024-10-30'),(136,300,4,'Ball charge left author environmental.','2025-01-21'),(137,88,3,'Hold visit run pattern.','2024-10-14'),(138,19,4,'Campaign save south nor suggest.','2025-04-06'),(138,109,1,'Name business perform professor affect.','2025-02-23'),(138,170,3,'Together they politics leader.','2024-09-30'),(138,213,3,'Beyond want cause result media last.','2024-08-04'),(138,242,3,'Contain late long our.','2024-07-01'),(138,247,5,'Customer daughter truth former police.','2024-05-13'),(138,267,2,'Bar none conference dinner method television street.','2024-05-21'),(139,47,4,'Matter your put east.','2024-09-08'),(139,103,4,'But student stop movie herself early let.','2024-10-07'),(139,236,5,'Science sport price but.','2024-06-05'),(140,91,5,'Force to range truth seat number majority building.','2025-04-13'),(140,120,1,'Note than indicate.','2025-01-28'),(140,134,4,'Television eat describe as enough sign practice.','2024-11-13'),(140,174,1,'Exactly stop game bag usually painting floor.','2024-09-07'),(141,46,3,'Enter including live.','2024-12-27'),(141,51,2,'Find improve citizen think.','2025-02-22'),(141,53,2,'Trade single rise customer heart him watch.','2024-12-21'),(141,75,2,'From avoid his.','2024-04-24'),(141,101,4,'Suddenly play give senior.','2024-10-11'),(141,115,2,'Story wall company everybody wife house ever.','2024-08-12'),(141,174,5,'Stuff serious building difficult.','2024-08-09'),(141,208,1,'Natural tough grow.','2024-06-21'),(141,259,4,'Production smile mission simply tell within claim.','2024-10-05'),(142,16,1,'Former six soldier image dark.','2024-05-07'),(142,42,2,'Price leader artist provide on economic.','2025-04-10'),(142,114,2,'Level current price month free.','2024-11-14'),(142,136,1,'Hard claim peace final.','2024-05-16'),(142,139,3,'Strategy prepare save father task poor.','2024-08-16'),(142,211,5,'Similar individual above fund.','2025-03-04'),(142,259,4,'Next state base.','2024-05-08'),(143,215,1,'Safe Congress majority future peace.','2024-08-03'),(143,217,1,'Where American herself example anything often trial mother.','2025-01-20'),(144,27,3,'Place boy hour where special.','2024-06-18'),(144,46,1,'Population sort especially thing answer traditional themselves investment.','2025-01-10'),(144,283,2,'Factor stand nearly unit fact structure.','2024-06-15'),(144,300,2,'Hold exist treat less.','2024-07-21'),(145,22,3,'Behavior clear dog under.','2024-09-10'),(146,111,3,'Hold management may.','2025-01-09'),(146,268,1,'Blood region factor woman worker difficult.','2024-05-21'),(147,6,2,'Challenge rather administration.','2024-11-18'),(147,40,1,'Recognize according she through boy action off.','2024-12-06'),(147,196,3,'Eight society oil.','2024-08-30'),(148,95,5,'Good message wish left data.','2024-07-02'),(148,291,5,'Tell their compare.','2025-03-10'),(149,249,3,'Many office by world.','2024-09-22'),(149,295,3,'Us soon tonight a.','2024-12-06'),(150,93,5,'Five explain fly season citizen.','2024-11-18'),(150,207,5,'Wait girl region resource single inside.','2024-12-22'),(150,289,1,'Part assume name subject sense above score.','2024-09-08'),(151,67,1,'Ground least institution forward study.','2024-07-30'),(151,105,2,'Institution return help black image institution.','2024-09-04'),(151,125,2,'Full writer research while team allow it situation.','2024-06-15'),(151,127,3,'While somebody camera cut building account.','2024-10-29'),(152,165,3,'Place sometimes charge every would letter.','2024-11-28'),(152,215,5,'Huge recently century table serve.','2025-04-06'),(152,272,1,'Could however suggest somebody.','2025-02-05'),(152,278,1,'Ready gas anything if understand.','2024-10-04'),(153,59,5,'There lot choose tree often music change price.','2024-08-24'),(153,108,5,'Difference report strategy week guess professional.','2024-11-09'),(153,128,3,'Various truth may it.','2025-03-21'),(153,144,5,'Media south system scene figure never organization test.','2024-07-15'),(154,18,5,'To along he building.','2025-02-08'),(154,97,3,'Somebody agent manager heavy model will marriage.','2025-03-01'),(154,273,2,'Something lot car baby.','2024-12-08'),(155,148,1,'Perhaps all task stop.','2024-05-01'),(155,201,5,'Effect lot radio soon.','2025-03-21'),(156,18,4,'Everything that reality doctor argue production.','2025-02-19'),(156,31,2,'Well safe economy business.','2024-12-18'),(156,32,3,'Choice answer pick throughout government.','2025-02-23'),(156,60,2,'Low go letter leave owner rule building.','2024-06-05'),(156,164,1,'Into worry part because huge attention meet.','2024-09-01'),(156,199,2,'Service still one already.','2024-05-24'),(156,205,1,'Million table anyone audience sell agree.','2024-12-02'),(156,208,3,'Deal soon top activity baby reason.','2024-06-06'),(156,268,5,'Beyond real act.','2024-08-11'),(156,274,4,'Floor same should foot return production.','2024-09-03'),(157,226,4,'Sit thus stand join process beyond area.','2025-04-07'),(158,11,3,'Some brother newspaper traditional value move else.','2024-06-29'),(158,104,1,'Half policy population Mr.','2024-09-15'),(158,172,3,'Up there thank carry.','2024-10-12'),(158,282,4,'Add nation role.','2024-12-06'),(159,20,2,'Station girl writer country.','2024-10-08'),(159,170,2,'Character upon during final major design.','2025-02-07'),(159,185,3,'Finally less though either very moment public hand.','2025-03-02'),(159,262,5,'If mother rather this modern.','2024-05-03'),(160,23,2,'Early leave view good performance.','2024-10-19'),(160,62,3,'Last indicate thought remember.','2024-12-11'),(161,4,1,'Spring true wish employee.','2024-11-24'),(161,159,2,'Fund position defense practice opportunity.','2024-06-21'),(161,275,2,'Young require on.','2024-12-21'),(161,288,4,'Conference others among.','2025-01-29'),(162,12,3,'Against dinner which free.','2025-01-30'),(162,75,2,'As medical allow big Republican Republican.','2025-04-06'),(162,91,3,'Visit sense free I involve drop.','2024-12-02'),(163,89,2,'Line relationship alone into loss still.','2024-05-14'),(163,209,2,'Total behind stock.','2025-03-19'),(163,216,1,'Base my single news.','2025-02-01'),(164,274,2,'Grow important hit person.','2024-08-04'),(166,109,1,'Network large assume beyond toward.','2024-12-15'),(167,64,2,'Which business upon determine learn know.','2025-02-26'),(167,95,3,'Among left social brother to father.','2024-10-02'),(167,129,1,'Lot will card its city decide challenge.','2025-04-11'),(168,160,1,'Energy position letter inside take table.','2025-01-14'),(168,162,2,'Now site too really.','2024-10-03'),(169,74,2,'Religious yourself perhaps.','2024-08-20'),(169,130,3,'Goal point table push in.','2024-12-11'),(169,161,5,'Then start within write.','2024-10-26'),(169,176,3,'Different president industry.','2025-02-20'),(169,271,5,'Hair program fact.','2025-04-14'),(169,297,2,'Contain daughter president speak the seek.','2024-11-10'),(170,105,2,'The meet party mean really matter.','2024-06-20'),(170,145,3,'Under red nature quite ahead accept.','2024-07-24'),(170,194,3,'Establish traditional chair.','2024-05-14'),(170,197,5,'Past office collection issue above.','2025-02-28'),(170,216,3,'Far step see kid loss.','2024-07-27'),(171,40,5,'Admit successful remember feeling professional upon letter.','2024-06-26'),(171,138,2,'Seem why bag out consumer.','2024-07-29'),(171,189,1,'Hair human record mouth oil country daughter else.','2024-09-16'),(171,196,2,'Between agent third end card certain.','2025-01-12'),(171,234,3,'Address go no full democratic dinner if.','2025-03-23'),(172,44,3,'His machine well character race challenge degree.','2024-06-12'),(172,66,2,'Again sport throughout hour perhaps baby response.','2024-09-09'),(172,184,5,'Act piece wrong leave watch.','2024-05-25'),(172,192,5,'Forward week coach field discuss follow adult many.','2024-08-31'),(172,262,5,'Point science training son.','2024-05-06'),(173,11,2,'Base participant herself data.','2024-11-17'),(173,56,5,'More hair law certainly hold us.','2024-11-14'),(173,98,1,'Land long recent.','2024-10-21'),(173,112,1,'Understand certain kitchen.','2024-06-20'),(173,127,1,'Night three white risk before they.','2024-10-16'),(173,142,4,'Grow level check on these out instead send.','2024-05-23'),(173,167,3,'Recent out community agree dream.','2025-03-15'),(173,212,1,'Young card cause bar owner prepare let community.','2024-09-17'),(173,234,2,'Themselves PM only glass instead fill number.','2024-11-10'),(174,56,1,'Single seek rise local role room.','2024-08-31'),(174,82,3,'Owner positive may some.','2025-02-10'),(174,110,2,'Build painting either site.','2024-11-25'),(174,138,3,'Your assume study interest.','2024-07-15'),(174,207,5,'Candidate possible style religious help.','2024-12-05'),(175,22,1,'Senior not bank four kind picture finish.','2024-12-04'),(175,35,5,'Provide organization ability admit pay since.','2024-07-01'),(175,157,5,'Image pick approach attorney general market.','2025-01-15'),(175,247,3,'Author daughter training door talk since charge.','2024-07-26'),(175,282,5,'Near interest keep firm.','2024-07-16'),(176,108,4,'Statement affect everyone matter do mention.','2024-06-03'),(176,198,2,'Effect yet door development.','2024-10-13'),(177,88,5,'Home health out cut do position.','2025-01-14'),(177,180,2,'Surface much grow thus close.','2024-08-02'),(177,252,1,'Moment who help finally result hope manage have.','2024-10-13'),(177,266,5,'Deal government him race probably turn.','2024-12-02'),(178,23,3,'General wind result customer front forget model loss.','2025-04-17'),(178,187,4,'For whose Democrat herself.','2024-07-16'),(178,220,2,'Rate reach far unit middle.','2024-09-15'),(178,228,5,'Return you tough.','2024-06-17'),(178,266,5,'Both summer country of.','2024-10-03'),(178,276,2,'City suggest west strategy itself.','2024-05-04'),(178,280,1,'Body decide player follow month.','2024-04-28'),(179,248,1,'Meet change pay clearly.','2024-09-11'),(179,256,2,'Position less benefit place central skin.','2024-08-05'),(179,286,2,'Guess wide recognize inside.','2025-03-04'),(180,24,1,'South against agreement arrive leg.','2024-11-05'),(180,118,1,'Reveal share material offer truth just.','2024-12-31'),(180,172,2,'While west act debate college animal.','2025-02-12'),(180,186,1,'Stay speak could increase space own range.','2024-08-12'),(181,81,3,'Box environment use maybe character order.','2024-09-15'),(181,125,4,'Somebody half interview during nothing.','2025-02-02'),(181,225,3,'Stop character manage store during.','2024-08-23'),(181,226,1,'Western performance those kind yard set.','2024-10-27'),(181,227,3,'Like suddenly drive local let write part face.','2024-08-11'),(181,232,2,'Specific participant watch southern include catch recently.','2024-12-16'),(181,233,1,'Not significant pass become throw begin.','2024-06-24'),(181,265,2,'Young light stop black teach room.','2024-11-18'),(181,297,3,'Provide run close civil.','2025-01-05'),(182,215,1,'Chair its memory bar floor road.','2024-05-21'),(183,22,5,'Window drug attorney professional red use.','2024-06-29'),(183,105,4,'Interest artist particular history.','2024-07-12'),(183,131,2,'Effort area court live least.','2024-11-21'),(183,159,3,'Cover whom behavior performance.','2024-09-06'),(183,250,3,'Those back meet growth.','2024-04-23'),(184,278,5,'Pick admit dinner science difference.','2025-01-28'),(185,4,1,'Choose value blue quite.','2024-08-10'),(185,26,4,'Give radio policy home gas owner commercial.','2025-02-26'),(185,243,1,'Small form crime team open brother.','2024-10-19'),(186,15,1,'Traditional west people cover tree word card.','2024-07-21'),(186,209,2,'Result cell church general per south.','2024-12-02'),(186,261,1,'Example for on huge.','2025-03-07'),(186,292,2,'Even large serve fight century.','2025-01-22'),(187,13,2,'Debate similar design.','2024-07-24'),(187,79,1,'While professional past matter husband ten.','2024-11-14'),(187,139,4,'Green recognize yard million become.','2024-08-08'),(187,258,2,'Still bring around be stand.','2024-12-08'),(188,91,4,'Team we light big apply daughter police.','2024-05-16'),(188,120,4,'Knowledge real example visit career couple.','2024-06-15'),(189,46,4,'Tonight more several ready study.','2024-10-09'),(189,107,1,'Training quality south both rule.','2024-06-04'),(189,198,4,'Expect dinner each difficult mother.','2025-02-02'),(190,76,5,'Leader such physical product power piece.','2024-10-30'),(190,192,2,'Four not house summer baby central discussion.','2024-09-05'),(190,216,2,'Expect approach rock trial.','2024-07-23'),(190,241,4,'Address national specific give dog.','2024-10-25'),(191,39,1,'Wind animal article she political home.','2024-09-15'),(191,134,3,'Although drive once there black rock position.','2024-07-03'),(191,187,5,'Real explain far issue close pattern.','2025-02-08'),(192,113,5,'Team really policy most catch ability senior.','2024-08-16'),(192,174,1,'Low government modern remain red product either.','2024-10-14'),(192,186,4,'House rise special myself coach despite occur.','2025-01-11'),(192,211,5,'Than prevent upon science risk.','2024-12-18'),(193,11,2,'Close peace end standard.','2025-02-22'),(193,33,3,'Population we money law blue.','2024-05-25'),(194,129,5,'Understand main wait home mission mission.','2024-09-28'),(194,177,3,'Blue Mrs man over article.','2024-12-16'),(194,245,3,'Know wonder less east establish.','2024-06-21'),(195,9,5,'Mr hundred himself though care when including.','2024-07-03'),(195,30,3,'Why scene animal cover develop station cultural.','2024-11-24'),(195,48,4,'Year sound both significant leg right.','2025-04-02'),(195,77,5,'Bar play medical later room soldier.','2024-09-29'),(195,97,2,'Brother child commercial hard man kind candidate.','2025-04-21'),(195,111,1,'Kind arrive sound perhaps yourself its place.','2025-01-14'),(195,126,2,'And respond sign through board store old read.','2024-06-12'),(195,212,4,'Author lead charge leave.','2024-12-19'),(195,214,4,'Kitchen like generation.','2024-12-22'),(196,65,4,'Health once by try.','2024-04-29'),(196,238,4,'Chance safe serve one.','2025-02-13'),(196,242,1,'Land agree official suffer enjoy race four among.','2024-05-13'),(196,251,1,'Modern form lawyer movement every family.','2024-09-16'),(196,259,4,'Ground represent phone every manager give.','2024-08-06'),(197,167,5,'Event green people example rich.','2025-03-01'),(197,214,4,'Rule meeting or ball.','2024-11-23'),(197,239,2,'Season reach health loss.','2024-11-06'),(197,254,4,'Agree experience surface bad six.','2024-09-26'),(197,261,2,'From first team quickly single than.','2024-11-22'),(197,268,2,'About including civil life practice head seem improve.','2024-06-03'),(197,275,4,'Shake put threat imagine new.','2025-04-03'),(198,38,1,'Seek challenge season air letter simply field.','2025-03-21'),(198,133,5,'Number dog bar current fill walk specific.','2024-12-31'),(198,230,5,'Write fire two environmental.','2024-06-07'),(198,293,3,'Mother state father news mind whatever herself.','2024-05-11'),(199,147,3,'Both window decide serious specific.','2024-09-03'),(199,201,5,'Author old dream above law safe politics.','2024-08-23'),(199,247,2,'Too your simple subject maintain show nature.','2024-08-26'),(200,10,4,'Kind yourself career goal.','2024-12-01'),(200,47,4,'College school maintain thank.','2024-09-16'),(200,51,1,'Field commercial bit goal new significant.','2025-02-18'),(200,114,4,'Concern itself two last boy cold study.','2024-05-16'),(200,164,3,'North radio size explain argue.','2024-11-29'),(200,260,3,'Whether too scientist job garden phone.','2025-01-06');
/*!40000 ALTER TABLE `ratings` ENABLE KEYS */;

--
-- Table structure for table `subscriptions`
--

DROP TABLE IF EXISTS `subscriptions`;
/*!40101 SET @saved_cs_client     = @@character_set_client */;
/*!50503 SET character_set_client = utf8mb4 */;
CREATE TABLE `subscriptions` (
  `subscription_id` int NOT NULL AUTO_INCREMENT,
  `user_id` int DEFAULT NULL,
  `plan_type` enum('Basic','Standard','Premium') DEFAULT NULL,
  `start_date` date DEFAULT NULL,
  `end_date` date DEFAULT NULL,
  PRIMARY KEY (`subscription_id`),
  KEY `user_id` (`user_id`),
  CONSTRAINT `subscriptions_ibfk_1` FOREIGN KEY (`user_id`) REFERENCES `users` (`user_id`)
) ENGINE=InnoDB AUTO_INCREMENT=201 DEFAULT CHARSET=utf8mb4 COLLATE=utf8mb4_0900_ai_ci;
/*!40101 SET character_set_client = @saved_cs_client */;

--
-- Dumping data for table `subscriptions`
--

/*!40000 ALTER TABLE `subscriptions` DISABLE KEYS */;
INSERT INTO `subscriptions` VALUES (1,124,'Basic','2025-03-04','2025-04-22'),(2,146,'Standard','2023-10-15','2025-04-21'),(3,39,'Standard','2023-11-16','2025-04-19'),(4,161,'Premium','2023-10-18','2025-04-21'),(5,112,'Premium','2023-09-30','2025-03-28'),(6,59,'Basic','2023-12-25','2025-04-23'),(7,7,'Basic','2025-01-11','2025-04-22'),(8,139,'Premium','2023-08-01','2025-04-13'),(9,101,'Basic','2024-09-06','2025-04-20'),(10,150,'Basic','2023-09-02','2025-03-28'),(11,93,'Premium','2024-11-20','2025-04-10'),(12,90,'Premium','2024-10-02','2025-03-28'),(13,65,'Basic','2024-11-30','2025-03-26'),(14,34,'Premium','2024-07-26','2025-04-20'),(15,162,'Basic','2024-04-20','2025-03-27'),(16,184,'Basic','2024-01-15','2025-04-10'),(17,86,'Premium','2024-09-14','2025-03-29'),(18,197,'Premium','2024-06-17','2025-04-22'),(19,141,'Standard','2024-07-22','2025-04-02'),(20,185,'Standard','2023-07-24','2025-04-22'),(21,141,'Premium','2023-10-24','2025-04-19'),(22,23,'Standard','2024-08-03','2025-04-07'),(23,134,'Basic','2024-06-24','2025-04-21'),(24,126,'Premium','2024-11-26','2025-04-21'),(25,50,'Premium','2024-06-01','2025-04-05'),(26,63,'Premium','2024-12-11','2025-04-20'),(27,15,'Standard','2023-06-26','2025-03-31'),(28,9,'Basic','2024-06-29','2025-04-04'),(29,25,'Premium','2024-10-16','2025-04-01'),(30,36,'Standard','2023-12-03','2025-03-26'),(31,69,'Standard','2024-02-03','2025-04-09'),(32,177,'Standard','2023-11-05','2025-04-13'),(33,66,'Premium','2023-04-30','2025-04-12'),(34,147,'Premium','2024-11-29','2025-04-12'),(35,173,'Standard','2024-03-21','2025-04-03'),(36,65,'Basic','2024-07-26','2025-03-30'),(37,118,'Basic','2024-10-12','2025-03-30'),(38,77,'Premium','2024-04-21','2025-04-21'),(39,110,'Basic','2025-01-12','2025-04-16'),(40,187,'Basic','2024-05-13','2025-03-27'),(41,11,'Basic','2024-07-08','2025-04-12'),(42,52,'Basic','2023-06-26','2025-04-14'),(43,186,'Basic','2024-05-10','2025-04-14'),(44,98,'Basic','2024-01-22','2025-04-15'),(45,70,'Standard','2024-04-06','2025-04-02'),(46,65,'Standard','2024-10-13','2025-04-06'),(47,125,'Standard','2025-01-01','2025-04-21'),(48,186,'Basic','2024-06-11','2025-04-13'),(49,75,'Standard','2024-10-04','2025-03-29'),(50,164,'Premium','2023-08-17','2025-03-28'),(51,26,'Basic','2024-06-15','2025-04-18'),(52,196,'Premium','2024-07-13','2025-04-22'),(53,107,'Basic','2023-08-17','2025-03-26'),(54,53,'Standard','2025-01-17','2025-04-07'),(55,125,'Basic','2023-10-18','2025-03-30'),(56,128,'Basic','2024-10-25','2025-03-26'),(57,7,'Basic','2024-03-29','2025-04-15'),(58,138,'Standard','2024-03-15','2025-04-09'),(59,5,'Basic','2023-11-15','2025-04-08'),(60,32,'Standard','2023-12-02','2025-04-08'),(61,47,'Premium','2024-09-10','2025-03-27'),(62,147,'Premium','2024-08-06','2025-04-21'),(63,194,'Premium','2024-10-19','2025-04-09'),(64,147,'Basic','2023-08-11','2025-04-06'),(65,90,'Premium','2024-08-16','2025-03-29'),(66,57,'Basic','2023-09-08','2025-04-04'),(67,78,'Basic','2024-12-31','2025-04-02'),(68,7,'Standard','2023-12-15','2025-03-29'),(69,74,'Standard','2024-06-15','2025-03-26'),(70,131,'Premium','2024-03-03','2025-04-16'),(71,66,'Premium','2023-09-01','2025-04-15'),(72,193,'Standard','2024-06-19','2025-04-09'),(73,180,'Standard','2024-03-20','2025-03-28'),(74,192,'Standard','2023-09-23','2025-04-05'),(75,187,'Basic','2024-07-28','2025-04-16'),(76,129,'Standard','2025-01-09','2025-04-22'),(77,12,'Premium','2023-11-17','2025-04-02'),(78,32,'Premium','2025-02-20','2025-04-13'),(79,136,'Basic','2023-08-26','2025-04-07'),(80,198,'Premium','2024-07-24','2025-03-27'),(81,116,'Basic','2024-03-30','2025-04-19'),(82,92,'Basic','2023-11-22','2025-04-06'),(83,80,'Standard','2024-09-14','2025-04-15'),(84,53,'Standard','2024-05-07','2025-04-20'),(85,177,'Standard','2023-05-14','2025-04-17'),(86,80,'Standard','2024-07-06','2025-04-10'),(87,128,'Basic','2024-06-12','2025-03-26'),(88,91,'Premium','2025-01-23','2025-03-29'),(89,153,'Premium','2024-03-15','2025-04-10'),(90,95,'Basic','2023-08-13','2025-03-30'),(91,83,'Premium','2024-04-04','2025-04-21'),(92,16,'Premium','2024-09-12','2025-04-18'),(93,99,'Premium','2024-08-03','2025-04-18'),(94,94,'Basic','2024-06-16','2025-04-14'),(95,183,'Standard','2024-09-05','2025-04-10'),(96,140,'Premium','2024-01-14','2025-04-19'),(97,152,'Basic','2023-06-14','2025-04-17'),(98,95,'Basic','2023-09-25','2025-04-12'),(99,7,'Standard','2023-04-29','2025-04-04'),(100,37,'Premium','2023-10-02','2025-04-06'),(101,95,'Standard','2024-09-30','2025-04-17'),(102,82,'Basic','2023-07-07','2025-04-06'),(103,168,'Standard','2023-09-29','2025-04-14'),(104,132,'Standard','2024-02-09','2025-04-14'),(105,74,'Basic','2023-10-09','2025-04-11'),(106,160,'Standard','2024-11-16','2025-04-23'),(107,3,'Standard','2023-12-19','2025-04-14'),(108,93,'Basic','2023-11-15','2025-04-03'),(109,92,'Premium','2024-12-15','2025-04-18'),(110,18,'Basic','2024-02-18','2025-03-29'),(111,179,'Basic','2024-11-28','2025-04-04'),(112,97,'Premium','2024-03-17','2025-04-17'),(113,135,'Standard','2024-12-03','2025-04-02'),(114,114,'Standard','2023-10-20','2025-04-18'),(115,37,'Basic','2024-02-07','2025-04-21'),(116,81,'Basic','2024-05-18','2025-04-09'),(117,49,'Standard','2023-12-29','2025-04-10'),(118,27,'Standard','2025-03-05','2025-04-22'),(119,112,'Basic','2023-09-04','2025-03-30'),(120,73,'Basic','2023-07-08','2025-04-19'),(121,121,'Standard','2023-08-25','2025-04-10'),(122,19,'Standard','2023-11-02','2025-04-18'),(123,31,'Premium','2023-10-29','2025-04-04'),(124,103,'Basic','2023-10-23','2025-03-28'),(125,23,'Premium','2023-12-04','2025-04-02'),(126,182,'Basic','2023-09-22','2025-04-08'),(127,29,'Premium','2025-03-16','2025-04-21'),(128,156,'Standard','2024-11-02','2025-04-16'),(129,152,'Premium','2024-07-24','2025-04-19'),(130,94,'Premium','2024-08-19','2025-03-29'),(131,40,'Premium','2024-05-17','2025-04-15'),(132,101,'Standard','2024-02-09','2025-04-08'),(133,45,'Premium','2024-09-19','2025-04-01'),(134,110,'Standard','2025-02-27','2025-04-22'),(135,6,'Standard','2024-03-29','2025-04-05'),(136,1,'Standard','2025-01-07','2025-04-02'),(137,76,'Premium','2023-12-06','2025-04-13'),(138,153,'Premium','2023-04-30','2025-04-03'),(139,8,'Premium','2024-06-26','2025-03-31'),(140,165,'Premium','2025-01-11','2025-04-14'),(141,174,'Premium','2023-09-04','2025-04-12'),(142,133,'Standard','2023-12-21','2025-04-03'),(143,166,'Standard','2025-02-12','2025-04-07'),(144,55,'Standard','2025-01-22','2025-03-31'),(145,88,'Basic','2024-09-07','2025-04-15'),(146,163,'Standard','2024-07-31','2025-04-19'),(147,147,'Standard','2023-08-27','2025-04-06'),(148,184,'Basic','2024-07-16','2025-04-13'),(149,42,'Standard','2023-06-12','2025-04-13'),(150,3,'Premium','2025-03-07','2025-04-07'),(151,33,'Premium','2024-11-22','2025-03-29'),(152,108,'Premium','2024-03-13','2025-04-16'),(153,6,'Premium','2023-06-01','2025-04-06'),(154,75,'Basic','2023-09-06','2025-04-08'),(155,142,'Standard','2024-07-22','2025-03-31'),(156,63,'Standard','2023-08-01','2025-03-30'),(157,33,'Standard','2024-02-09','2025-04-04'),(158,167,'Basic','2023-08-26','2025-04-20'),(159,12,'Basic','2023-12-07','2025-04-14'),(160,92,'Standard','2024-02-02','2025-03-26'),(161,62,'Basic','2024-02-19','2025-04-16'),(162,41,'Basic','2023-09-17','2025-04-12'),(163,86,'Basic','2023-12-21','2025-04-14'),(164,184,'Basic','2025-02-21','2025-03-31'),(165,22,'Premium','2023-07-21','2025-04-11'),(166,173,'Standard','2024-06-17','2025-04-16'),(167,110,'Standard','2023-06-05','2025-04-18'),(168,114,'Basic','2023-06-12','2025-04-16'),(169,168,'Basic','2024-11-14','2025-04-04'),(170,146,'Premium','2023-07-12','2025-04-11'),(171,141,'Standard','2024-01-25','2025-03-27'),(172,38,'Premium','2024-04-01','2025-04-07'),(173,117,'Premium','2024-08-01','2025-04-03'),(174,70,'Premium','2024-11-14','2025-03-27'),(175,107,'Basic','2023-11-12','2025-04-15'),(176,65,'Premium','2024-08-06','2025-04-21'),(177,143,'Standard','2023-12-17','2025-04-12'),(178,198,'Basic','2023-12-09','2025-04-11'),(179,53,'Standard','2025-03-08','2025-03-26'),(180,186,'Standard','2024-02-03','2025-03-26'),(181,166,'Standard','2024-07-11','2025-04-20'),(182,169,'Standard','2023-10-07','2025-03-29'),(183,175,'Standard','2023-08-05','2025-04-14'),(184,153,'Premium','2024-09-18','2025-04-01'),(185,175,'Premium','2024-09-04','2025-03-28'),(186,124,'Premium','2024-11-06','2025-03-28'),(187,74,'Standard','2024-12-10','2025-04-21'),(188,76,'Premium','2023-12-03','2025-04-12'),(189,34,'Basic','2024-02-21','2025-04-02'),(190,190,'Basic','2024-12-20','2025-03-27'),(191,26,'Standard','2024-11-07','2025-04-11'),(192,60,'Basic','2024-12-08','2025-04-21'),(193,113,'Standard','2025-01-29','2025-04-16'),(194,72,'Basic','2024-04-27','2025-04-03'),(195,169,'Standard','2024-02-04','2025-04-21'),(196,137,'Basic','2024-12-04','2025-04-16'),(197,107,'Premium','2023-12-27','2025-04-20'),(198,181,'Standard','2023-12-15','2025-04-01'),(199,63,'Standard','2024-06-02','2025-04-14'),(200,35,'Standard','2023-06-30','2025-04-06');
/*!40000 ALTER TABLE `subscriptions` ENABLE KEYS */;

--
-- Table structure for table `users`
--

DROP TABLE IF EXISTS `users`;
/*!40101 SET @saved_cs_client     = @@character_set_client */;
/*!50503 SET character_set_client = utf8mb4 */;
CREATE TABLE `users` (
  `user_id` int NOT NULL AUTO_INCREMENT,
  `name` varchar(100) DEFAULT NULL,
  `email` varchar(100) DEFAULT NULL,
  `signup_date` date DEFAULT NULL,
  PRIMARY KEY (`user_id`),
  UNIQUE KEY `email` (`email`)
) ENGINE=InnoDB AUTO_INCREMENT=201 DEFAULT CHARSET=utf8mb4 COLLATE=utf8mb4_0900_ai_ci;
/*!40101 SET character_set_client = @saved_cs_client */;

--
-- Dumping data for table `users`
--

/*!40000 ALTER TABLE `users` DISABLE KEYS */;
INSERT INTO `users` VALUES (1,'Austin Gutierrez','markanderson@carrillo-flores.com','2024-04-24'),(2,'Timothy Wheeler','karina80@reynolds-meyer.com','2024-12-22'),(3,'Ashley Daniel','nriley@martinez.com','2024-06-16'),(4,'Erik Hendricks','theodorerandolph@robinson.com','2023-08-02'),(5,'Tyler Welch','hopkinsmartin@hotmail.com','2023-11-14'),(6,'Lee Travis','sarahcharles@jacobs.info','2023-12-30'),(7,'Tamara Smith','fergusonjerome@hotmail.com','2024-10-14'),(8,'Laura Lewis','jasonjensen@gmail.com','2024-06-13'),(9,'Jamie Ward','jacobmartinez@gmail.com','2024-05-11'),(10,'Casey Proctor','hmorse@yahoo.com','2023-10-28'),(11,'Denise Murray','elliottkyle@barnes.com','2024-09-01'),(12,'Joseph Willis','ehughes@king-horn.com','2023-11-23'),(13,'Mrs. Sarah Rodriguez','bettyadams@reid.com','2023-05-01'),(14,'Matthew Copeland','bcook@parker.com','2024-08-20'),(15,'Beverly Williams','rpollard@conley.com','2025-03-21'),(16,'Alyssa Stone','erik00@dominguez.com','2024-05-15'),(17,'Kayla Ball','michael60@miller.net','2024-04-22'),(18,'Anne Chavez','brandismith@yahoo.com','2024-03-24'),(19,'Jesse Stephens','jerrynelson@parks.com','2024-09-24'),(20,'Aaron Jacobson','plewis@edwards-bradford.com','2024-04-19'),(21,'Charles Williams','wrightluis@mullins.com','2023-05-05'),(22,'Megan Spencer','blevinsmary@smith-griffin.info','2025-02-19'),(23,'Dustin Chavez','milleraustin@baker.com','2025-04-20'),(24,'Travis Sullivan','fsmith@hotmail.com','2024-11-14'),(25,'Kevin Watkins','jhernandez@gmail.com','2023-12-04'),(26,'Tracy Williams','lmoody@yahoo.com','2024-11-06'),(27,'Michael Richardson','qsmith@yahoo.com','2024-12-30'),(28,'Gary Hernandez','pennyboyd@mcdonald-carter.com','2023-09-22'),(29,'James Meadows','ohammond@hotmail.com','2023-05-09'),(30,'Carrie Elliott','mfriedman@smith.com','2024-07-20'),(31,'Heather Young','tlane@beck.com','2025-03-17'),(32,'Tim Richards','kenneth52@marsh.biz','2024-11-25'),(33,'Samantha Young','olarsen@fisher.com','2024-12-30'),(34,'Devon Porter','jonesstephen@gmail.com','2024-03-15'),(35,'Rhonda Edwards','tammystewart@hotmail.com','2023-08-25'),(36,'James Peters','zgiles@gmail.com','2024-03-13'),(37,'Rebecca Jones','kimberly70@perez.net','2023-07-31'),(38,'Jose Gray','iwall@lopez.org','2024-04-27'),(39,'Jennifer Green','ryoung@ruiz-anderson.com','2023-12-25'),(40,'Erin Reynolds','andrewharrington@underwood.com','2025-01-19'),(41,'Matthew Reilly','adamschristopher@mercado-doyle.com','2024-11-02'),(42,'Kyle Gutierrez','dixonjodi@stanley.org','2024-02-12'),(43,'Katherine Garcia','kenneth85@huffman.com','2025-03-06'),(44,'Autumn Stevenson','ejames@yahoo.com','2023-09-12'),(45,'Stephanie Robbins','christina22@gmail.com','2024-01-24'),(46,'Mr. Matthew Morse','dgraham@gmail.com','2024-02-05'),(47,'Andrew Montoya','scottpeters@elliott.com','2024-11-16'),(48,'Bianca Riley','adavis@hotmail.com','2024-04-30'),(49,'Robert Rios','xwaters@king-may.com','2025-03-29'),(50,'Scott Berger','jferrell@hotmail.com','2025-03-08'),(51,'Isaac Hall','elliottjulia@bruce-knox.com','2024-12-24'),(52,'Stacey Curtis','juanterry@bradshaw-castillo.org','2023-07-18'),(53,'Troy Miller','ruthblackwell@hotmail.com','2023-06-14'),(54,'Lori Hamilton','phawkins@hotmail.com','2025-03-07'),(55,'Melissa Watson','richardjohnson@harris.com','2025-03-14'),(56,'Mark Barnett','lynn73@cordova.org','2023-07-04'),(57,'Elizabeth Mckay','hduke@cooke-villanueva.com','2024-02-24'),(58,'Martin Wallace','kimmoody@obrien.net','2023-12-30'),(59,'Amy Jones','jobrien@yahoo.com','2023-11-10'),(60,'Jonathon Brown','jessicarodriguez@craig-grant.com','2025-02-10'),(61,'William Rose','laurieharrison@gmail.com','2025-03-14'),(62,'David Reese','michael80@gmail.com','2024-07-12'),(63,'William Rogers','dawn05@yahoo.com','2024-10-14'),(64,'Erik Hansen','oramirez@fletcher-garcia.com','2024-03-09'),(65,'Craig Johnson','wcarter@gmail.com','2024-12-17'),(66,'Jerry Brewer','laurajenkins@gmail.com','2023-06-26'),(67,'Jacob Long','smithseth@may.info','2024-02-02'),(68,'Jade Carlson','cantujenna@barnes-estrada.com','2024-01-04'),(69,'Holly Solomon','sanchezjose@yahoo.com','2023-10-02'),(70,'Michelle Barber','lehunter@hotmail.com','2023-06-27'),(71,'Joseph Andrews','kathleenedwards@thompson.biz','2024-04-25'),(72,'Joseph Kennedy','patelnichole@yahoo.com','2024-02-19'),(73,'Nicholas Freeman','johndavis@gmail.com','2023-05-03'),(74,'Robert Williams','chelseagreene@reed-johnson.net','2024-06-21'),(75,'Richard Nelson','alisonwilliams@reese.biz','2023-07-09'),(76,'Catherine Yang MD','jorgejones@hotmail.com','2023-09-03'),(77,'Danielle Jimenez','gibsontodd@yahoo.com','2024-08-08'),(78,'Sandra Carter','tholmes@wilson-sparks.com','2025-02-24'),(79,'Emily Bush','beverly73@meyer-cox.info','2024-07-28'),(80,'Samantha Mullins','thenson@yahoo.com','2024-01-24'),(81,'James Jackson','jefferygarcia@osborne.info','2024-12-11'),(82,'William Ross','amandaortiz@hotmail.com','2023-05-23'),(83,'Shane Villarreal','randallbrian@gmail.com','2023-12-13'),(84,'Michael Fields','karen85@cooper-kelley.com','2024-06-17'),(85,'Richard Wyatt','patrick31@yahoo.com','2024-01-05'),(86,'Ashley Barrett','jacqueline97@barrera-french.com','2024-11-11'),(87,'Spencer Richard','spencerderek@todd.net','2025-01-22'),(88,'Lance Higgins','qruiz@stafford.com','2025-03-26'),(89,'Kevin Smith Jr.','darren52@hotmail.com','2024-12-06'),(90,'Alan Rodgers','joseph72@sanford.com','2024-04-09'),(91,'David Sanford','karen83@lin-snyder.org','2023-07-05'),(92,'Jennifer Molina','cruzdoris@cooke.com','2023-12-31'),(93,'Timothy Alvarez','anthony75@hotmail.com','2023-09-17'),(94,'Megan Holland','jasonjohnson@gmail.com','2025-01-06'),(95,'Jerry Carlson','jesse01@flores-pruitt.com','2024-05-02'),(96,'Rodney Smith','stanley32@yahoo.com','2024-10-29'),(97,'Carlos Chavez','joseph91@hotmail.com','2025-02-22'),(98,'Susan Harris','alan24@hotmail.com','2024-01-29'),(99,'Sarah Jennings','mistylivingston@lane.com','2023-06-28'),(100,'Marissa Francis','turnerdaniel@reynolds.net','2023-10-12'),(101,'Benjamin Allen','hwebb@pearson.org','2024-03-12'),(102,'Stacy Lopez','amygonzales@mosley-brown.info','2024-07-16'),(103,'Cassandra Walker','ashleycisneros@martinez.com','2023-11-04'),(104,'Richard Quinn','sarah71@thompson.com','2025-04-21'),(105,'Andrea Jackson','martin58@franklin.com','2024-05-30'),(106,'Eric Harris','tracy64@reeves-richardson.com','2024-06-27'),(107,'Bobby Taylor','ssharp@hotmail.com','2024-10-15'),(108,'Adam King','grahamashley@warren.com','2024-04-13'),(109,'Sara Dawson','wintersjennifer@hotmail.com','2023-11-07'),(110,'Michael Thomas','harrisondonald@garrett.com','2023-11-19'),(111,'Jody Welch','josborn@yahoo.com','2024-07-12'),(112,'Philip Duarte','catherinemeyers@armstrong-ross.com','2023-07-16'),(113,'Melinda Gordon','danielle87@hotmail.com','2024-01-06'),(114,'Jessica Mitchell','jondavis@riley.org','2024-11-12'),(115,'Mercedes Anderson','zmichael@graves-gallegos.com','2023-09-21'),(116,'April Wallace','jocelyn26@wells.com','2025-02-13'),(117,'Kristine Giles','victoriamurphy@hotmail.com','2024-12-03'),(118,'Gerald Mercado','shannon23@gonzales.info','2023-10-11'),(119,'Manuel Morales','morgan68@yahoo.com','2024-09-03'),(120,'Ronald Chambers','sheryljenkins@carter.com','2025-02-02'),(121,'Tiffany Flores','smithtodd@harris.org','2024-01-22'),(122,'Lisa Montgomery','tlewis@white-weber.com','2024-07-30'),(123,'Roy Griffin','egamble@preston.biz','2024-07-24'),(124,'Jennifer Nguyen','walshkelsey@winters-abbott.info','2023-09-20'),(125,'Kelly Schneider','caroline62@harper-jimenez.com','2023-07-23'),(126,'Valerie Berg','matthewsmith@hotmail.com','2024-09-25'),(127,'Matthew Lynch','amandajohnson@gmail.com','2024-12-01'),(128,'Heather Carpenter','npatel@hotmail.com','2023-06-26'),(129,'Nancy Coleman','brittanywilliams@gmail.com','2024-01-14'),(130,'Peggy Klein','cheryl74@beck.com','2023-10-18'),(131,'Kelly Jackson','leonardmary@garcia.com','2023-06-25'),(132,'Taylor Sawyer','simpsonrobert@graves-contreras.com','2024-12-22'),(133,'Mr. James White','adkinscarlos@smith.com','2025-04-12'),(134,'Lori Payne','johncampbell@gmail.com','2023-12-26'),(135,'Carla Simpson','urobinson@foster.org','2024-12-06'),(136,'Sharon Campbell','taylor13@brown.com','2025-01-15'),(137,'Lisa Smith','butlergary@yahoo.com','2024-12-09'),(138,'Alexis Cox','pestrada@gmail.com','2023-11-01'),(139,'Sara Lane','jyoung@hotmail.com','2023-10-20'),(140,'Vanessa Jensen','jasonwhite@nash.com','2023-07-10'),(141,'Stephanie Johnson','rachaelaguirre@gutierrez.com','2023-10-27'),(142,'Jonathan Nichols','murphyjesse@moore.com','2023-04-28'),(143,'Nathan Duke','utaylor@yahoo.com','2023-06-11'),(144,'Antonio Smith','danielolsen@little.net','2023-08-24'),(145,'Edward Chambers','brian76@torres.net','2023-09-03'),(146,'Heather Grant','wmclaughlin@howard.com','2023-06-05'),(147,'Angela Shannon','qwilliams@roy.biz','2024-05-21'),(148,'Brian Fuller','hughesdanielle@alexander-scott.biz','2024-01-14'),(149,'Christina Singh','jesseduncan@richmond-adams.biz','2024-05-08'),(150,'Benjamin Scott','ashley17@smith.com','2024-01-13'),(151,'William Smith','bonniegood@yahoo.com','2024-03-17'),(152,'Kathryn Mcintosh','richard57@wiggins.org','2024-06-28'),(153,'Sean Baird','amanda76@vasquez.com','2025-04-18'),(154,'Patrick Lambert','ariley@simon.com','2024-05-08'),(155,'Matthew Liu','prattjonathon@villanueva.com','2024-06-29'),(156,'Jeffrey Hanson','thomasdiane@shepherd.info','2023-09-18'),(157,'Michael Garcia','curtis85@gmail.com','2024-10-09'),(158,'David West','timothy88@gmail.com','2023-04-24'),(159,'Lori Archer','zyoung@joyce.com','2024-01-27'),(160,'Tara Hickman','evanliu@gmail.com','2023-11-21'),(161,'Michael Ortega','cindy13@herrera.org','2023-10-05'),(162,'Thomas Garcia','swilson@anthony.biz','2024-11-03'),(163,'Kenneth Anderson','canderson@gmail.com','2024-05-15'),(164,'Destiny Jones','mmartin@scott.com','2025-01-26'),(165,'Melissa Bailey','fhart@gmail.com','2024-04-04'),(166,'Joseph Wright','finleychristine@morton.com','2024-01-14'),(167,'Kyle Thompson','patelthomas@yahoo.com','2024-06-05'),(168,'Alyssa Randolph','murphykayla@davis.biz','2025-03-03'),(169,'Nicholas Mcdowell','iflores@rogers.com','2024-10-22'),(170,'Jessica Sharp','xacevedo@yahoo.com','2023-12-28'),(171,'Scott Holland','gevans@hotmail.com','2024-02-14'),(172,'Derek Bartlett','gibsonmichael@franco.org','2024-12-18'),(173,'Amy Jones','mmiller@johnson.com','2023-06-05'),(174,'Christopher Thomas','asanchez@blanchard-spencer.com','2024-12-21'),(175,'Laura Price','gdrake@yahoo.com','2025-04-01'),(176,'Terry Martin','roberttran@yahoo.com','2023-11-21'),(177,'Michael Holt','jefferysmith@hotmail.com','2024-10-26'),(178,'Tracy Arnold','jessicawalter@woods-russo.info','2024-12-10'),(179,'Mary Collins','kbolton@hotmail.com','2023-12-12'),(180,'Michael Dean','acolon@lambert-williams.com','2023-07-13'),(181,'Margaret Morales','etaylor@colon.com','2023-09-10'),(182,'Derek Terrell','douglasamanda@evans.com','2023-07-31'),(183,'John Clarke','xhunt@downs.biz','2024-10-07'),(184,'Donna Grimes','proctorjacqueline@kim.com','2024-04-05'),(185,'Mr. Jeffrey Ortiz','joe06@gmail.com','2025-04-06'),(186,'Heather Williams','irose@yahoo.com','2023-08-06'),(187,'Tara Zuniga','taylor98@hotmail.com','2023-07-16'),(188,'Sharon Henry','janetfields@hotmail.com','2024-07-20'),(189,'Amanda Jones','asolomon@martinez.com','2024-12-24'),(190,'Lauren Martin','jennifer30@gmail.com','2024-12-17'),(191,'Abigail Mills','john55@gmail.com','2023-07-24'),(192,'Diane Garner','wrighttheodore@robinson-watkins.org','2024-03-19'),(193,'Shawn Jenkins','aaron65@harris.com','2023-05-04'),(194,'Carrie Molina','molly12@hotmail.com','2024-01-29'),(195,'Dustin Briggs MD','christopher40@jenkins.biz','2024-11-29'),(196,'Luke Brennan','christinahunt@yahoo.com','2024-04-21'),(197,'Mr. John Schmidt','emilyjackson@saunders.info','2023-07-09'),(198,'Michael Martin','gregory91@smith-mason.net','2023-06-16'),(199,'Stephen Simpson','andrewgibson@yahoo.com','2024-10-29'),(200,'Dawn Morales','william78@gmail.com','2024-09-15');
/*!40000 ALTER TABLE `users` ENABLE KEYS */;

--
-- Table structure for table `watch_history`
--

DROP TABLE IF EXISTS `watch_history`;
/*!40101 SET @saved_cs_client     = @@character_set_client */;
/*!50503 SET character_set_client = utf8mb4 */;
CREATE TABLE `watch_history` (
  `watch_id` int NOT NULL AUTO_INCREMENT,
  `user_id` int DEFAULT NULL,
  `movie_id` int DEFAULT NULL,
  `watch_date` datetime DEFAULT NULL,
  `duration_watched` int DEFAULT NULL,
  PRIMARY KEY (`watch_id`),
  KEY `user_id` (`user_id`),
  KEY `movie_id` (`movie_id`),
  CONSTRAINT `watch_history_ibfk_1` FOREIGN KEY (`user_id`) REFERENCES `users` (`user_id`),
  CONSTRAINT `watch_history_ibfk_2` FOREIGN KEY (`movie_id`) REFERENCES `movies` (`movie_id`)
) ENGINE=InnoDB AUTO_INCREMENT=2001 DEFAULT CHARSET=utf8mb4 COLLATE=utf8mb4_0900_ai_ci;
/*!40101 SET character_set_client = @saved_cs_client */;

--
-- Dumping data for table `watch_history`
--

/*!40000 ALTER TABLE `watch_history` DISABLE KEYS */;
INSERT INTO `watch_history` VALUES (1,122,40,'2024-07-23 03:38:38',55),(2,167,47,'2025-01-17 11:40:03',136),(3,82,23,'2024-07-26 16:44:35',31),(4,27,220,'2024-05-22 12:26:21',67),(5,97,202,'2024-08-21 11:56:18',88),(6,40,141,'2025-02-24 03:06:37',48),(7,177,246,'2025-01-29 07:30:15',51),(8,10,288,'2024-07-18 13:57:32',137),(9,166,229,'2025-01-22 01:48:20',154),(10,87,179,'2024-12-19 06:27:37',174),(11,42,129,'2025-04-05 19:04:53',99),(12,100,39,'2025-03-28 12:47:44',129),(13,174,227,'2025-01-01 13:10:43',71),(14,176,112,'2024-05-19 06:06:18',138),(15,46,162,'2024-09-08 18:48:29',54),(16,57,241,'2024-10-19 21:28:28',141),(17,157,231,'2025-01-26 01:30:05',91),(18,155,221,'2025-03-22 16:07:06',24),(19,19,138,'2024-08-31 17:23:45',48),(20,170,214,'2024-06-02 13:52:56',174),(21,179,109,'2024-07-06 10:42:17',95),(22,190,97,'2024-07-07 07:38:49',52),(23,11,180,'2025-04-07 04:21:46',73),(24,77,218,'2024-10-30 17:16:05',154),(25,128,106,'2024-08-17 15:51:24',30),(26,182,72,'2025-02-18 17:04:31',58),(27,175,29,'2024-10-23 15:25:39',121),(28,82,200,'2024-05-13 21:23:29',117),(29,26,267,'2025-04-23 02:02:04',44),(30,13,147,'2024-09-05 11:15:20',82),(31,92,199,'2024-12-24 05:46:20',63),(32,122,164,'2024-07-14 18:32:08',76),(33,151,282,'2024-09-24 00:21:08',139),(34,196,23,'2025-03-31 06:44:21',173),(35,187,290,'2025-04-20 16:45:46',122),(36,179,285,'2024-11-24 17:24:17',157),(37,8,292,'2024-11-12 07:41:50',76),(38,170,284,'2025-02-10 19:24:52',63),(39,37,253,'2024-12-02 00:03:28',165),(40,130,24,'2024-06-27 12:17:55',143),(41,53,194,'2024-12-27 14:34:44',142),(42,71,249,'2025-01-25 21:47:56',165),(43,6,97,'2025-01-17 21:17:19',85),(44,77,29,'2024-08-30 19:02:31',123),(45,89,55,'2025-02-25 17:08:02',153),(46,152,171,'2024-11-03 00:55:50',178),(47,10,132,'2024-06-17 15:26:51',124),(48,192,32,'2024-04-29 18:00:26',62),(49,135,252,'2024-05-14 15:37:56',131),(50,131,243,'2025-02-22 10:07:07',130),(51,160,74,'2025-01-18 04:42:29',40),(52,118,145,'2025-04-21 05:47:03',117),(53,154,237,'2025-03-30 20:29:34',148),(54,171,184,'2024-09-15 12:49:53',60),(55,9,27,'2024-11-15 05:59:22',25),(56,73,154,'2024-08-24 04:01:54',98),(57,65,294,'2024-08-31 20:26:27',134),(58,144,20,'2024-06-25 11:57:57',87),(59,100,100,'2025-02-27 22:49:43',10),(60,20,221,'2024-10-30 01:47:22',134),(61,171,11,'2025-02-11 17:42:12',73),(62,66,215,'2025-03-06 20:08:26',107),(63,91,117,'2024-10-27 05:59:04',47),(64,116,213,'2024-12-28 08:10:31',24),(65,128,161,'2024-08-10 01:46:49',42),(66,116,276,'2024-06-29 13:40:24',110),(67,128,67,'2025-03-19 09:08:01',104),(68,62,52,'2025-02-08 22:46:45',83),(69,179,191,'2024-08-12 14:24:36',12),(70,198,84,'2024-08-06 03:21:49',159),(71,147,254,'2025-03-12 06:04:23',42),(72,121,12,'2024-08-26 21:12:25',162),(73,137,41,'2024-12-01 05:43:09',161),(74,186,201,'2024-07-23 07:43:13',15),(75,184,190,'2024-06-08 15:12:22',151),(76,148,103,'2024-10-01 23:50:33',106),(77,46,185,'2024-10-10 19:08:40',91),(78,150,140,'2024-05-13 14:53:05',78),(79,192,33,'2024-06-11 10:55:45',152),(80,121,105,'2024-10-13 22:05:53',46),(81,142,19,'2024-06-19 08:59:49',28),(82,7,136,'2024-05-07 05:35:57',11),(83,104,199,'2024-09-13 23:02:26',64),(84,112,56,'2024-10-29 00:56:45',128),(85,30,92,'2024-07-16 07:08:50',80),(86,8,200,'2024-08-17 05:05:28',143),(87,80,51,'2024-12-11 17:59:43',151),(88,92,199,'2024-06-19 14:59:39',143),(89,152,216,'2024-05-25 06:56:33',138),(90,193,137,'2024-06-06 09:12:30',28),(91,75,298,'2024-05-11 12:33:28',76),(92,43,135,'2024-12-11 10:43:30',61),(93,121,297,'2024-09-24 18:44:49',41),(94,141,181,'2024-05-14 01:27:10',65),(95,160,191,'2024-12-28 09:36:59',151),(96,12,294,'2024-12-09 12:19:56',74),(97,88,280,'2024-06-15 08:06:33',47),(98,92,185,'2025-02-01 21:39:51',16),(99,126,164,'2024-04-26 10:41:45',103),(100,66,47,'2025-02-01 21:20:13',104),(101,26,157,'2024-11-20 18:05:51',106),(102,26,47,'2024-09-28 05:22:31',70),(103,135,195,'2025-04-22 00:48:58',12),(104,151,155,'2024-09-08 03:53:20',128),(105,117,7,'2024-06-22 04:22:02',50),(106,133,174,'2024-12-21 06:00:30',69),(107,122,193,'2024-09-12 17:38:46',87),(108,146,68,'2024-05-06 12:17:31',136),(109,38,80,'2024-06-07 05:26:02',86),(110,115,65,'2024-11-25 16:47:53',120),(111,4,120,'2024-06-20 22:56:29',48),(112,23,118,'2025-04-12 22:54:23',55),(113,123,85,'2025-03-18 18:41:42',95),(114,21,143,'2024-08-15 17:49:46',68),(115,188,121,'2024-06-20 06:40:32',168),(116,83,176,'2025-04-12 04:30:53',87),(117,62,101,'2024-05-02 02:47:36',102),(118,191,191,'2024-12-03 15:32:38',88),(119,135,281,'2025-03-18 15:00:26',125),(120,119,259,'2024-10-30 17:23:32',147),(121,136,135,'2024-11-10 21:07:53',62),(122,89,284,'2024-06-27 16:44:05',178),(123,143,296,'2024-08-23 01:44:52',12),(124,119,184,'2025-04-06 13:06:23',57),(125,52,212,'2024-10-22 06:35:39',66),(126,146,18,'2024-06-10 12:54:47',83),(127,121,242,'2024-07-02 01:38:43',103),(128,153,239,'2024-07-10 06:45:35',176),(129,199,113,'2024-07-12 13:16:28',117),(130,162,134,'2025-02-19 02:03:19',56),(131,18,171,'2024-12-24 21:01:54',169),(132,81,252,'2025-01-25 01:23:36',88),(133,108,247,'2025-04-18 12:36:58',86),(134,103,98,'2024-06-21 09:32:26',103),(135,135,265,'2025-02-02 22:40:16',142),(136,26,222,'2024-12-23 00:31:07',48),(137,149,238,'2025-03-13 20:17:19',71),(138,41,144,'2024-12-23 17:50:42',175),(139,187,291,'2025-04-06 10:35:01',71),(140,97,82,'2024-08-08 05:10:22',158),(141,79,254,'2024-09-15 22:34:09',40),(142,121,30,'2024-06-29 00:22:00',99),(143,106,6,'2024-10-29 09:01:44',75),(144,110,43,'2024-08-26 22:21:48',21),(145,177,245,'2025-02-05 08:23:55',78),(146,195,261,'2024-12-14 15:37:55',147),(147,7,138,'2025-02-12 09:28:41',84),(148,166,134,'2024-06-06 11:27:47',155),(149,92,171,'2025-02-02 08:06:47',57),(150,114,20,'2024-08-09 08:13:38',64),(151,127,196,'2024-06-23 13:25:17',120),(152,113,164,'2024-11-04 06:50:34',137),(153,40,220,'2024-12-24 01:57:07',20),(154,128,49,'2024-11-22 22:59:57',81),(155,99,246,'2024-08-26 05:05:30',60),(156,160,184,'2024-06-16 15:20:15',33),(157,151,270,'2024-05-29 13:23:12',105),(158,33,259,'2024-12-08 14:17:36',114),(159,25,68,'2024-12-27 07:46:47',122),(160,1,145,'2024-06-05 07:35:25',19),(161,121,261,'2024-10-11 12:10:12',172),(162,133,61,'2025-03-18 14:07:11',43),(163,38,165,'2024-12-18 23:30:32',59),(164,50,269,'2024-11-10 12:30:30',89),(165,159,26,'2024-05-06 09:41:34',123),(166,47,207,'2024-09-19 20:44:42',114),(167,144,199,'2025-01-21 09:55:34',131),(168,73,3,'2025-02-13 05:46:52',167),(169,24,226,'2025-03-02 02:01:00',21),(170,127,106,'2024-07-19 09:05:45',22),(171,2,152,'2025-02-03 13:50:17',118),(172,165,296,'2025-03-31 08:33:07',16),(173,5,62,'2025-02-20 17:55:09',43),(174,136,148,'2024-07-15 19:03:59',76),(175,113,52,'2024-08-28 05:04:24',109),(176,120,239,'2025-04-12 08:44:56',69),(177,47,10,'2024-06-22 03:45:52',172),(178,118,8,'2025-01-20 07:46:22',144),(179,60,213,'2024-12-26 15:07:44',111),(180,26,235,'2024-09-10 02:14:19',161),(181,6,296,'2024-08-16 17:35:37',42),(182,97,67,'2024-09-03 06:42:15',11),(183,103,253,'2025-04-21 00:28:02',23),(184,85,199,'2024-08-04 06:33:05',107),(185,80,14,'2024-12-23 06:55:36',72),(186,140,116,'2024-07-08 15:35:17',156),(187,148,300,'2024-07-13 08:26:45',175),(188,82,234,'2024-05-22 16:29:36',78),(189,167,34,'2025-04-03 17:11:09',67),(190,188,112,'2024-09-25 09:39:03',116),(191,71,119,'2024-06-24 10:17:55',162),(192,160,72,'2025-03-12 08:58:27',35),(193,117,65,'2025-01-27 20:21:58',144),(194,114,85,'2024-08-26 14:36:38',106),(195,140,29,'2024-11-22 14:07:35',72),(196,63,290,'2024-07-17 12:13:56',93),(197,167,252,'2024-06-25 21:06:29',108),(198,42,67,'2024-05-14 03:50:45',13),(199,137,199,'2024-11-02 03:08:10',11),(200,8,119,'2024-08-16 16:10:54',68),(201,36,297,'2024-08-12 11:18:18',149),(202,98,152,'2025-02-17 18:13:39',18),(203,166,33,'2024-06-27 18:21:14',133),(204,120,150,'2024-12-11 23:01:34',161),(205,92,297,'2024-10-29 20:37:42',174),(206,49,148,'2024-08-11 15:07:47',33),(207,154,153,'2025-01-15 19:19:57',85),(208,73,294,'2024-10-30 18:27:47',168),(209,48,25,'2024-08-22 21:47:02',139),(210,42,194,'2024-08-18 14:03:47',134),(211,149,81,'2024-05-25 15:23:27',166),(212,146,206,'2025-03-11 01:48:02',40),(213,32,200,'2024-07-05 15:14:03',75),(214,117,208,'2025-02-15 13:10:35',153),(215,95,80,'2024-07-11 00:20:08',171),(216,17,131,'2025-01-26 02:46:47',149),(217,154,52,'2025-04-19 09:10:38',36),(218,73,136,'2025-02-07 20:19:18',57),(219,179,193,'2025-03-31 01:45:48',152),(220,81,201,'2025-02-21 17:00:18',37),(221,139,282,'2024-07-07 18:44:00',164),(222,102,188,'2024-07-23 04:57:48',17),(223,20,8,'2024-06-19 16:58:43',179),(224,128,118,'2025-01-27 05:27:34',79),(225,110,27,'2025-03-15 18:44:20',66),(226,167,111,'2024-09-19 18:42:59',27),(227,138,158,'2025-02-16 23:34:34',94),(228,105,15,'2024-06-07 16:55:30',127),(229,127,291,'2024-08-12 12:39:33',31),(230,98,4,'2024-06-14 23:30:50',18),(231,54,65,'2024-06-23 19:11:55',108),(232,147,278,'2024-08-02 23:31:24',152),(233,66,229,'2025-03-06 08:48:14',150),(234,10,242,'2024-07-28 13:16:40',139),(235,59,207,'2024-10-24 06:18:36',42),(236,111,190,'2024-11-18 05:10:02',177),(237,137,180,'2024-10-20 23:25:39',152),(238,159,119,'2025-01-27 10:07:36',48),(239,118,135,'2024-06-19 16:07:09',163),(240,92,114,'2025-01-21 00:51:28',69),(241,32,61,'2025-02-08 00:25:15',49),(242,116,261,'2024-07-15 17:26:07',125),(243,195,151,'2025-04-12 19:59:24',42),(244,85,244,'2024-05-28 22:42:24',177),(245,166,65,'2025-03-27 09:52:13',121),(246,173,229,'2024-12-18 18:14:40',34),(247,51,139,'2024-08-05 03:02:09',61),(248,111,126,'2024-11-25 21:54:22',123),(249,107,32,'2024-10-29 14:52:39',179),(250,130,181,'2025-04-02 22:09:53',70),(251,9,199,'2024-06-04 19:24:39',97),(252,196,152,'2024-12-04 08:37:09',73),(253,61,28,'2024-10-11 12:46:34',124),(254,90,237,'2025-02-26 03:33:48',105),(255,166,213,'2024-12-14 11:25:38',134),(256,33,251,'2024-10-01 21:16:35',153),(257,41,42,'2025-02-09 22:44:29',88),(258,136,11,'2024-08-14 16:26:22',19),(259,192,242,'2024-06-14 18:52:00',88),(260,69,7,'2024-08-01 01:48:18',70),(261,169,85,'2024-10-07 12:00:22',150),(262,45,285,'2024-09-28 04:02:41',69),(263,21,238,'2024-10-21 09:16:07',72),(264,96,292,'2024-08-28 07:58:08',65),(265,16,33,'2024-06-30 11:30:28',100),(266,61,97,'2024-10-26 08:30:21',106),(267,32,211,'2024-06-04 00:15:05',32),(268,167,66,'2024-07-27 13:33:25',175),(269,50,99,'2024-06-07 08:14:27',90),(270,51,23,'2025-03-30 22:02:24',36),(271,49,252,'2025-02-27 01:56:14',24),(272,56,163,'2025-01-30 22:16:24',158),(273,104,92,'2025-02-01 04:27:29',25),(274,28,151,'2024-05-22 01:48:33',74),(275,15,199,'2025-01-25 07:51:12',20),(276,195,92,'2024-12-11 03:48:17',70),(277,106,226,'2024-11-12 15:57:20',62),(278,185,65,'2025-02-18 00:43:36',58),(279,97,21,'2025-01-03 06:54:27',109),(280,69,73,'2024-07-16 15:52:57',96),(281,21,263,'2024-12-12 05:30:27',158),(282,165,242,'2025-01-13 01:37:37',76),(283,8,282,'2024-05-28 11:28:26',89),(284,173,222,'2024-06-08 20:57:57',141),(285,140,26,'2024-10-03 10:26:45',115),(286,185,17,'2024-10-20 04:11:34',158),(287,90,180,'2024-08-20 23:22:01',65),(288,19,36,'2024-05-05 20:21:20',170),(289,198,94,'2024-05-11 08:18:04',116),(290,180,125,'2025-01-03 06:38:40',155),(291,123,195,'2024-09-05 02:05:55',168),(292,134,37,'2024-11-08 18:07:03',99),(293,92,253,'2024-05-02 12:42:48',136),(294,57,70,'2024-12-19 20:40:48',20),(295,108,219,'2025-03-09 07:26:51',119),(296,112,116,'2024-08-31 00:44:30',75),(297,155,138,'2024-09-15 03:23:13',145),(298,152,166,'2025-01-15 19:17:53',37),(299,176,119,'2024-10-31 05:36:59',42),(300,107,273,'2024-06-20 05:25:49',86),(301,11,82,'2024-08-13 03:09:29',101),(302,160,59,'2025-01-10 17:16:04',39),(303,154,85,'2024-10-16 17:15:14',60),(304,25,119,'2024-09-08 01:34:12',58),(305,28,47,'2024-10-22 09:15:21',24),(306,98,45,'2024-09-16 17:49:13',16),(307,195,64,'2024-12-07 11:24:07',132),(308,124,83,'2024-10-11 12:43:24',66),(309,65,77,'2025-01-03 22:52:49',26),(310,19,290,'2025-03-04 15:14:43',72),(311,156,280,'2024-08-14 10:21:26',86),(312,17,17,'2024-06-21 05:20:11',86),(313,171,293,'2024-06-27 14:47:04',37),(314,104,64,'2024-06-08 03:43:27',31),(315,137,102,'2024-12-10 10:22:11',90),(316,157,295,'2024-05-14 13:57:47',118),(317,123,77,'2025-02-10 11:16:05',52),(318,175,235,'2025-02-17 12:35:38',114),(319,96,109,'2025-02-14 15:12:28',120),(320,139,191,'2025-01-22 15:33:21',21),(321,102,204,'2025-04-02 03:13:57',19),(322,45,64,'2024-10-08 20:26:13',125),(323,68,190,'2024-05-09 18:14:13',94),(324,145,83,'2024-09-06 22:47:03',123),(325,38,98,'2024-10-23 02:43:56',72),(326,189,281,'2024-11-04 07:45:27',40),(327,168,127,'2024-12-03 04:58:51',156),(328,197,23,'2024-08-05 14:11:41',53),(329,134,211,'2025-02-01 07:58:09',70),(330,195,190,'2024-12-02 15:45:02',135),(331,69,12,'2024-09-19 20:07:27',84),(332,164,159,'2024-12-11 09:33:59',25),(333,61,290,'2024-11-24 04:30:40',163),(334,192,185,'2024-07-15 06:08:58',50),(335,22,82,'2025-04-24 01:39:26',114),(336,36,54,'2024-06-19 22:13:24',18),(337,150,24,'2024-05-10 15:57:28',28),(338,176,284,'2024-10-08 22:16:48',118),(339,39,172,'2024-07-04 19:22:47',166),(340,181,3,'2024-09-07 08:48:56',67),(341,27,117,'2025-02-04 05:27:10',15),(342,41,218,'2025-04-22 15:10:00',155),(343,193,1,'2024-07-25 01:07:25',137),(344,74,212,'2024-10-12 08:00:26',82),(345,146,148,'2025-02-20 08:58:49',15),(346,62,281,'2025-03-07 22:32:42',162),(347,34,236,'2024-08-30 08:24:30',149),(348,198,169,'2024-12-06 06:42:10',62),(349,170,22,'2025-03-22 18:13:17',163),(350,32,240,'2025-01-06 16:18:34',25),(351,77,130,'2024-05-01 13:56:58',58),(352,42,223,'2024-07-08 08:17:48',128),(353,33,238,'2024-07-05 04:09:25',142),(354,161,161,'2025-03-20 09:28:08',66),(355,122,102,'2025-02-26 16:27:50',117),(356,170,293,'2025-01-17 01:30:38',125),(357,162,40,'2024-05-22 01:01:53',38),(358,110,38,'2024-09-18 03:09:48',83),(359,83,199,'2025-03-20 18:09:08',29),(360,20,206,'2025-04-19 03:38:01',35),(361,32,137,'2024-12-19 20:39:21',180),(362,161,93,'2024-12-14 04:39:55',160),(363,146,101,'2025-02-15 07:21:49',119),(364,53,160,'2024-08-14 20:43:04',67),(365,131,254,'2024-08-07 06:26:27',139),(366,165,132,'2025-01-04 13:51:35',135),(367,58,211,'2025-04-22 20:29:22',106),(368,194,6,'2024-05-18 14:54:47',53),(369,20,203,'2025-01-12 21:25:26',158),(370,159,162,'2025-03-12 11:26:39',26),(371,8,105,'2024-07-10 10:16:05',131),(372,83,291,'2025-04-09 02:28:39',11),(373,48,169,'2025-04-14 13:28:20',17),(374,14,265,'2025-01-22 15:34:51',117),(375,50,140,'2024-11-06 00:22:12',113),(376,86,214,'2025-01-28 15:21:49',38),(377,127,268,'2024-09-23 08:11:54',57),(378,93,183,'2024-10-28 18:01:31',44),(379,160,176,'2025-03-27 14:38:50',52),(380,193,84,'2025-03-19 14:52:50',149),(381,86,150,'2024-12-27 08:37:16',52),(382,146,169,'2024-07-21 14:50:22',176),(383,32,215,'2024-11-08 22:22:39',15),(384,83,231,'2024-11-08 22:57:05',180),(385,61,94,'2025-03-12 18:04:20',154),(386,187,114,'2024-04-26 17:36:24',17),(387,146,195,'2025-01-14 04:49:16',75),(388,75,147,'2024-07-11 10:38:18',89),(389,149,24,'2024-07-17 20:01:25',110),(390,27,280,'2024-06-08 12:18:38',22),(391,17,63,'2025-01-27 01:37:15',83),(392,103,258,'2024-05-27 11:38:54',151),(393,138,297,'2024-09-28 01:19:56',17),(394,27,217,'2024-11-18 14:26:09',50),(395,140,71,'2025-04-05 05:57:09',119),(396,77,62,'2024-11-06 16:11:43',172),(397,166,231,'2024-05-06 16:31:21',142),(398,183,190,'2025-04-03 21:02:27',138),(399,80,184,'2024-12-12 00:36:09',81),(400,98,204,'2025-04-03 14:07:55',58),(401,198,273,'2024-07-18 09:41:27',109),(402,80,21,'2024-08-18 00:36:29',125),(403,47,266,'2024-09-06 01:59:59',19),(404,144,44,'2025-04-08 00:47:02',149),(405,142,113,'2024-05-25 07:46:48',70),(406,2,152,'2024-10-19 18:17:14',124),(407,161,17,'2024-07-28 06:32:58',144),(408,24,272,'2024-07-09 04:54:46',98),(409,130,226,'2024-10-23 21:24:00',85),(410,13,123,'2024-06-06 12:59:44',75),(411,198,272,'2024-05-11 16:44:20',140),(412,142,96,'2024-06-09 01:39:22',158),(413,105,57,'2024-06-11 20:08:41',169),(414,90,116,'2024-11-09 04:36:06',140),(415,155,192,'2024-09-29 18:22:01',81),(416,82,227,'2024-06-28 16:04:15',93),(417,53,85,'2024-09-29 06:02:10',78),(418,72,184,'2024-08-27 02:06:06',70),(419,100,159,'2025-02-25 10:18:51',70),(420,186,227,'2024-12-16 08:18:08',158),(421,5,8,'2024-04-25 15:30:27',98),(422,19,231,'2025-03-02 08:49:41',31),(423,75,18,'2025-03-13 09:30:32',12),(424,62,263,'2024-06-20 22:11:19',41),(425,48,70,'2024-08-06 11:38:33',117),(426,49,12,'2024-06-10 07:34:49',159),(427,111,209,'2025-02-21 19:02:30',64),(428,198,28,'2025-03-11 02:45:42',137),(429,46,88,'2024-10-19 15:12:50',90),(430,167,150,'2024-09-03 14:55:21',77),(431,80,277,'2025-02-23 09:51:03',167),(432,66,18,'2024-12-09 18:42:27',31),(433,149,146,'2025-01-27 03:47:09',148),(434,30,117,'2024-04-25 11:43:45',127),(435,51,158,'2024-05-06 11:36:11',104),(436,178,67,'2024-09-17 23:23:47',107),(437,56,244,'2024-07-05 14:39:41',19),(438,105,2,'2024-10-30 23:33:14',135),(439,7,159,'2024-12-14 05:41:20',54),(440,123,162,'2024-06-11 08:04:58',112),(441,55,30,'2024-07-18 15:16:21',82),(442,149,40,'2024-10-07 20:28:40',18),(443,157,176,'2025-04-24 13:44:52',31),(444,127,80,'2024-11-08 12:06:04',41),(445,60,126,'2024-07-12 13:47:21',109),(446,161,299,'2024-10-10 02:14:16',24),(447,175,120,'2025-01-27 02:48:13',141),(448,185,264,'2024-04-27 13:39:13',153),(449,115,7,'2025-03-26 16:36:41',31),(450,54,147,'2025-03-08 19:40:21',73),(451,23,153,'2024-07-29 16:03:38',13),(452,178,281,'2025-03-17 18:27:28',46),(453,126,99,'2025-01-10 00:51:09',115),(454,32,151,'2024-11-13 23:25:12',37),(455,56,64,'2024-08-10 15:46:23',99),(456,179,159,'2024-09-10 06:55:44',105),(457,90,38,'2024-07-18 00:35:58',55),(458,114,293,'2025-02-06 08:32:23',13),(459,170,294,'2024-08-26 23:31:26',65),(460,67,165,'2024-11-30 12:29:58',51),(461,177,237,'2024-08-10 12:34:17',126),(462,187,153,'2024-10-29 02:23:28',41),(463,156,112,'2024-06-11 01:08:46',54),(464,45,234,'2024-12-23 15:58:39',171),(465,174,98,'2024-07-05 22:46:38',108),(466,21,5,'2024-08-25 18:36:55',94),(467,134,93,'2024-09-26 22:45:58',113),(468,23,72,'2024-06-17 01:03:34',126),(469,159,146,'2025-04-22 04:02:16',167),(470,18,189,'2025-03-10 01:09:17',21),(471,125,18,'2025-01-18 12:12:08',106),(472,88,220,'2024-08-10 15:14:13',41),(473,85,66,'2024-06-18 04:09:05',98),(474,96,107,'2024-09-06 22:12:54',115),(475,171,4,'2024-12-30 16:31:52',21),(476,13,169,'2024-07-28 01:20:54',20),(477,72,114,'2025-03-13 11:25:32',173),(478,90,167,'2024-06-24 18:23:21',90),(479,62,11,'2025-02-13 04:29:40',96),(480,26,169,'2024-09-20 07:38:21',161),(481,59,205,'2024-09-03 04:47:52',61),(482,196,75,'2024-07-28 16:48:06',61),(483,159,276,'2024-07-08 13:17:52',150),(484,79,27,'2024-05-24 12:18:00',102),(485,166,256,'2024-12-24 23:26:31',45),(486,17,205,'2025-04-04 04:59:09',160),(487,143,256,'2024-11-23 04:54:22',117),(488,153,275,'2024-12-21 07:13:06',110),(489,104,195,'2024-08-01 00:42:14',170),(490,17,42,'2025-03-22 21:31:41',11),(491,145,91,'2024-12-13 21:04:34',94),(492,30,112,'2024-08-15 09:36:10',84),(493,200,272,'2024-09-30 19:00:26',138),(494,17,40,'2024-11-09 14:51:10',26),(495,70,189,'2024-11-15 23:39:26',83),(496,17,206,'2025-04-05 08:28:17',127),(497,180,286,'2025-02-27 18:11:55',142),(498,173,263,'2024-10-16 16:00:51',136),(499,165,98,'2024-08-07 19:22:30',53),(500,22,13,'2024-06-08 05:31:24',39),(501,181,275,'2024-12-27 15:20:12',122),(502,49,256,'2024-06-18 01:22:41',15),(503,96,198,'2025-01-18 21:43:51',131),(504,86,188,'2024-09-20 04:06:35',78),(505,116,150,'2024-08-28 00:32:23',150),(506,183,195,'2024-10-26 03:49:16',127),(507,12,291,'2024-08-01 22:17:49',165),(508,142,134,'2025-03-22 19:52:07',114),(509,159,77,'2024-10-14 21:36:00',85),(510,80,69,'2024-12-19 16:34:13',114),(511,55,89,'2025-04-10 17:14:42',163),(512,168,139,'2024-10-12 15:01:17',15),(513,41,60,'2024-11-01 17:13:28',131),(514,5,54,'2024-05-24 14:02:51',158),(515,67,1,'2025-04-22 00:32:52',164),(516,111,51,'2024-11-19 11:49:11',118),(517,43,250,'2024-09-02 19:09:41',74),(518,196,48,'2025-03-23 11:12:20',32),(519,133,162,'2024-11-08 20:59:37',14),(520,81,205,'2024-05-01 04:30:50',139),(521,168,152,'2024-07-27 14:09:08',27),(522,83,152,'2024-07-12 18:49:36',95),(523,100,193,'2024-04-28 18:06:52',135),(524,167,292,'2024-07-12 21:17:06',39),(525,49,151,'2024-12-24 16:05:27',178),(526,132,239,'2024-07-25 12:50:50',72),(527,86,88,'2024-10-04 19:38:19',131),(528,45,94,'2024-05-18 17:10:25',32),(529,100,13,'2025-01-19 20:40:53',69),(530,110,227,'2025-03-22 11:00:27',122),(531,73,42,'2024-12-08 23:13:36',39),(532,122,49,'2024-04-27 12:01:34',26),(533,155,26,'2024-05-09 19:04:12',87),(534,1,144,'2024-08-17 09:35:38',151),(535,150,81,'2024-09-25 06:02:07',52),(536,199,35,'2025-03-13 01:06:27',11),(537,76,13,'2025-02-21 22:42:25',173),(538,131,242,'2024-11-03 08:21:52',170),(539,7,145,'2024-06-28 02:34:05',25),(540,25,104,'2025-02-16 10:21:51',32),(541,53,216,'2024-09-10 19:39:16',132),(542,88,285,'2024-08-12 04:59:36',39),(543,147,97,'2025-01-24 10:28:46',35),(544,152,181,'2024-07-09 22:54:41',178),(545,185,176,'2024-08-18 08:57:10',106),(546,62,27,'2024-08-11 20:34:57',30),(547,145,91,'2024-07-10 19:56:30',122),(548,139,200,'2024-07-15 12:35:29',55),(549,161,245,'2025-04-05 12:42:22',110),(550,187,78,'2025-01-16 11:34:48',45),(551,187,153,'2025-03-16 12:22:52',93),(552,180,49,'2025-03-31 03:10:23',77),(553,111,55,'2024-10-28 00:17:27',36),(554,20,58,'2024-09-19 03:00:06',37),(555,53,59,'2024-06-19 03:37:51',144),(556,61,53,'2024-08-13 15:24:34',75),(557,61,19,'2024-12-11 06:47:10',122),(558,70,279,'2024-07-08 16:33:54',29),(559,187,208,'2025-02-03 14:27:34',106),(560,142,246,'2024-08-23 21:08:18',100),(561,114,252,'2024-08-26 05:59:25',34),(562,104,245,'2024-12-02 11:35:30',119),(563,80,231,'2024-11-19 12:33:53',24),(564,179,186,'2024-07-23 18:27:13',90),(565,163,46,'2025-03-04 08:02:30',11),(566,177,273,'2025-02-11 05:05:33',78),(567,24,88,'2024-05-04 14:36:54',165),(568,40,108,'2025-03-06 22:52:52',76),(569,169,200,'2024-11-13 14:28:48',116),(570,157,22,'2024-12-20 03:50:17',170),(571,62,170,'2024-05-21 13:26:36',60),(572,18,253,'2024-06-25 17:04:31',23),(573,119,265,'2024-05-02 23:26:09',45),(574,85,191,'2024-10-19 02:07:21',146),(575,77,158,'2024-09-16 05:53:33',56),(576,48,25,'2025-02-06 03:41:06',71),(577,152,5,'2025-02-10 11:16:59',145),(578,53,138,'2025-03-19 13:36:24',15),(579,129,201,'2025-04-14 07:59:00',25),(580,57,103,'2025-01-07 20:25:06',130),(581,134,106,'2025-01-19 14:24:49',118),(582,112,255,'2025-01-08 00:51:43',73),(583,110,181,'2024-04-27 13:52:42',164),(584,34,74,'2025-04-08 10:03:17',42),(585,77,44,'2025-01-18 13:09:48',98),(586,5,22,'2024-08-12 09:21:33',15),(587,38,58,'2024-09-18 00:21:55',105),(588,141,29,'2025-03-05 00:46:27',30),(589,167,255,'2025-01-22 10:29:47',169),(590,189,47,'2024-11-01 11:18:53',31),(591,144,139,'2024-10-21 12:57:09',12),(592,89,83,'2024-08-16 07:29:39',90),(593,121,175,'2024-09-19 18:22:04',139),(594,106,205,'2024-12-03 03:32:56',35),(595,89,273,'2024-11-24 06:38:32',157),(596,89,278,'2024-04-30 14:07:18',69),(597,150,87,'2025-01-12 09:56:14',128),(598,120,148,'2024-04-30 19:33:00',121),(599,19,249,'2025-03-12 12:02:46',29),(600,58,214,'2024-04-29 01:37:33',148),(601,49,231,'2024-09-22 02:30:06',18),(602,179,7,'2024-06-25 23:55:55',157),(603,161,237,'2024-05-08 21:18:09',165),(604,173,35,'2024-07-15 14:10:30',119),(605,193,228,'2024-06-12 20:30:57',103),(606,35,11,'2025-01-14 01:56:07',30),(607,147,167,'2025-04-19 19:39:31',73),(608,163,262,'2025-01-03 20:02:20',175),(609,93,239,'2024-05-05 09:50:52',31),(610,31,75,'2024-09-29 11:10:12',135),(611,141,24,'2024-12-17 07:29:51',150),(612,148,212,'2024-11-07 13:47:49',72),(613,99,75,'2024-06-23 20:50:47',59),(614,39,37,'2025-03-29 19:21:21',37),(615,9,46,'2024-06-10 04:07:58',153),(616,176,150,'2024-05-23 09:22:17',169),(617,70,71,'2025-03-05 00:19:51',94),(618,20,22,'2024-09-14 14:33:52',106),(619,82,69,'2025-01-14 23:49:49',41),(620,24,280,'2025-04-08 19:44:53',131),(621,102,49,'2024-06-01 17:01:32',34),(622,121,95,'2024-05-29 08:30:44',175),(623,189,203,'2025-02-04 14:55:36',80),(624,76,22,'2025-03-19 02:52:58',112),(625,56,286,'2025-02-01 20:12:40',138),(626,187,176,'2025-04-15 17:14:53',25),(627,133,29,'2024-11-17 03:22:41',53),(628,126,278,'2024-11-08 04:11:40',166),(629,180,77,'2024-04-28 12:25:21',91),(630,52,26,'2025-02-28 22:47:31',85),(631,73,15,'2024-07-17 19:00:26',103),(632,173,139,'2024-07-05 01:22:39',129),(633,149,65,'2024-12-07 20:29:29',73),(634,31,263,'2024-10-13 11:46:42',57),(635,159,194,'2024-06-21 06:02:34',139),(636,110,63,'2024-08-15 01:21:22',42),(637,187,265,'2025-01-27 22:08:13',47),(638,127,20,'2025-04-22 13:38:05',98),(639,52,42,'2025-03-04 17:23:22',74),(640,177,294,'2024-06-06 17:23:13',84),(641,127,133,'2024-10-16 00:53:19',102),(642,23,17,'2025-01-26 19:32:55',53),(643,113,15,'2024-06-20 04:41:03',97),(644,189,34,'2024-06-28 08:56:46',110),(645,4,37,'2024-06-15 08:50:08',117),(646,109,162,'2024-09-17 07:10:03',89),(647,84,130,'2024-10-14 23:05:12',65),(648,181,55,'2024-12-20 06:35:09',174),(649,57,209,'2024-11-13 13:19:37',37),(650,175,275,'2024-10-11 23:21:04',25),(651,56,79,'2024-08-09 10:06:35',31),(652,200,233,'2024-09-22 08:24:33',118),(653,77,41,'2024-07-27 06:04:49',19),(654,1,2,'2024-11-17 05:02:33',111),(655,77,147,'2024-06-30 23:24:41',74),(656,91,9,'2024-06-29 08:41:54',170),(657,29,226,'2024-08-25 11:46:26',78),(658,99,87,'2024-10-05 09:40:42',120),(659,106,235,'2024-10-24 22:17:04',148),(660,37,95,'2025-02-05 20:11:06',94),(661,194,210,'2024-04-28 15:55:30',99),(662,139,4,'2024-06-17 03:43:02',33),(663,98,78,'2025-03-31 08:50:08',66),(664,1,133,'2024-10-01 01:05:27',170),(665,65,270,'2024-12-19 05:41:28',10),(666,104,214,'2025-01-12 01:18:09',62),(667,176,238,'2025-02-17 15:02:14',91),(668,11,102,'2024-08-03 02:32:20',59),(669,6,173,'2024-06-03 14:27:47',54),(670,184,27,'2024-08-28 23:56:15',180),(671,150,188,'2024-12-21 01:43:46',114),(672,166,247,'2025-02-24 02:27:23',122),(673,71,226,'2024-04-27 18:15:23',128),(674,132,260,'2024-06-20 20:22:07',120),(675,23,219,'2024-12-16 14:25:00',51),(676,160,99,'2024-09-15 12:17:38',98),(677,125,135,'2024-11-05 23:45:49',119),(678,11,11,'2024-10-24 23:18:48',155),(679,16,133,'2024-08-28 08:27:46',118),(680,27,19,'2024-08-30 17:29:13',41),(681,146,292,'2024-06-14 04:10:10',138),(682,27,164,'2024-06-24 05:58:59',133),(683,115,99,'2024-04-30 12:58:51',39),(684,161,265,'2025-01-10 10:47:30',110),(685,51,1,'2025-02-11 09:12:18',148),(686,15,35,'2024-06-16 15:26:41',129),(687,88,108,'2024-06-02 10:21:50',44),(688,101,137,'2024-11-03 04:31:56',112),(689,18,13,'2024-12-15 16:29:55',97),(690,49,149,'2024-12-03 12:41:08',61),(691,39,189,'2024-10-11 03:14:59',31),(692,76,295,'2025-04-07 05:39:53',80),(693,76,269,'2024-09-30 17:51:23',130),(694,87,211,'2025-04-09 01:49:37',179),(695,26,200,'2024-11-24 20:09:51',56),(696,180,191,'2024-07-12 04:37:36',114),(697,12,134,'2025-01-03 16:30:31',139),(698,185,47,'2024-10-24 11:15:05',122),(699,115,123,'2024-07-12 08:51:22',178),(700,76,54,'2024-12-12 09:39:08',79),(701,102,81,'2024-10-18 05:05:55',32),(702,190,186,'2025-01-18 07:24:27',137),(703,30,79,'2025-04-22 05:25:45',25),(704,63,167,'2024-07-06 15:18:43',118),(705,73,125,'2024-12-07 18:33:23',25),(706,26,86,'2024-09-18 00:13:42',144),(707,71,81,'2024-07-17 03:24:48',81),(708,28,32,'2024-05-07 01:17:46',18),(709,13,68,'2025-02-05 09:15:08',138),(710,170,278,'2025-02-07 02:06:32',127),(711,91,219,'2025-04-22 09:10:21',26),(712,37,215,'2024-11-06 06:16:14',132),(713,15,157,'2024-07-01 11:05:01',128),(714,22,263,'2024-10-19 10:22:41',110),(715,123,226,'2024-07-04 06:35:33',71),(716,126,38,'2024-06-17 04:49:04',97),(717,121,189,'2024-10-09 16:28:35',124),(718,165,45,'2025-01-21 16:47:08',102),(719,64,190,'2024-11-02 10:20:59',159),(720,105,102,'2024-11-29 11:31:49',32),(721,158,114,'2024-04-25 02:17:38',126),(722,10,52,'2024-11-22 17:00:09',90),(723,133,112,'2024-10-17 08:59:36',114),(724,49,87,'2024-08-18 10:17:04',63),(725,14,120,'2024-09-04 17:57:51',66),(726,106,89,'2025-02-24 17:33:36',121),(727,185,189,'2024-07-19 03:05:27',30),(728,155,215,'2025-03-01 02:22:50',54),(729,60,33,'2024-10-29 16:42:31',121),(730,69,186,'2025-01-03 01:16:57',165),(731,36,174,'2024-10-20 05:25:59',57),(732,178,142,'2025-01-11 04:32:38',73),(733,111,86,'2025-03-03 17:21:00',52),(734,144,256,'2024-07-11 12:54:01',94),(735,167,139,'2024-11-22 04:11:35',16),(736,106,85,'2024-12-13 13:11:53',143),(737,121,17,'2024-08-26 03:54:35',92),(738,93,37,'2024-12-20 11:27:30',79),(739,145,48,'2024-09-02 15:11:21',31),(740,27,267,'2025-03-10 02:24:24',102),(741,33,147,'2024-06-28 09:59:16',72),(742,140,85,'2025-04-14 08:16:41',70),(743,142,17,'2024-08-03 03:04:25',125),(744,158,165,'2024-08-10 17:17:33',83),(745,103,183,'2025-01-01 07:32:18',24),(746,37,254,'2025-03-14 03:50:20',178),(747,35,114,'2024-09-22 03:14:13',51),(748,55,26,'2024-05-15 11:43:58',84),(749,172,138,'2024-08-09 18:40:13',91),(750,118,299,'2024-09-26 05:51:04',177),(751,30,161,'2024-09-07 22:39:55',19),(752,93,60,'2024-05-18 21:53:13',80),(753,10,109,'2025-03-22 21:07:39',143),(754,125,40,'2025-02-10 21:16:20',77),(755,116,233,'2025-02-17 21:57:20',17),(756,41,3,'2025-02-01 16:14:19',76),(757,57,118,'2024-07-18 19:07:27',133),(758,128,128,'2025-01-05 20:37:58',92),(759,1,35,'2024-09-26 21:10:07',128),(760,96,75,'2024-11-18 16:30:39',154),(761,150,232,'2024-10-19 11:56:41',16),(762,47,24,'2024-08-19 13:09:05',113),(763,102,293,'2024-08-26 00:03:54',46),(764,118,64,'2024-09-24 09:30:29',84),(765,57,73,'2024-12-13 23:00:11',96),(766,83,119,'2024-10-20 06:03:28',141),(767,185,119,'2024-07-04 01:48:42',89),(768,166,90,'2024-06-06 17:49:51',16),(769,181,137,'2024-10-14 04:37:37',59),(770,173,144,'2024-07-22 00:19:18',82),(771,31,112,'2024-12-07 08:07:06',119),(772,149,254,'2025-01-04 02:53:28',176),(773,10,262,'2024-08-23 22:17:09',24),(774,88,125,'2024-05-13 11:12:45',96),(775,18,223,'2024-04-26 14:14:36',41),(776,114,262,'2025-02-14 07:17:33',27),(777,5,269,'2025-02-22 15:21:43',144),(778,62,156,'2024-08-15 23:18:01',59),(779,4,56,'2024-10-09 23:17:34',139),(780,92,141,'2024-11-28 20:24:59',57),(781,168,298,'2024-12-02 19:19:13',23),(782,35,283,'2024-10-25 15:42:24',109),(783,171,68,'2025-04-17 04:30:47',142),(784,97,31,'2025-01-15 05:45:01',16),(785,119,221,'2024-09-05 11:14:14',128),(786,68,113,'2025-02-14 19:13:44',65),(787,17,173,'2024-06-29 05:18:54',92),(788,67,151,'2025-04-15 09:45:12',14),(789,1,262,'2024-11-25 21:44:36',19),(790,72,93,'2025-01-29 18:42:50',147),(791,141,101,'2024-06-14 03:38:12',67),(792,45,249,'2024-08-27 12:42:06',109),(793,78,105,'2025-04-08 06:48:39',166),(794,77,84,'2025-01-09 06:54:56',144),(795,106,183,'2025-03-23 20:28:15',173),(796,127,160,'2024-12-30 05:38:46',72),(797,51,53,'2024-10-17 11:38:15',177),(798,199,156,'2024-12-22 02:17:57',138),(799,148,223,'2025-03-31 16:50:18',140),(800,75,147,'2024-05-03 16:24:54',123),(801,80,124,'2024-07-04 00:34:42',135),(802,166,20,'2024-12-08 05:50:10',114),(803,130,10,'2025-02-06 23:23:24',162),(804,174,272,'2024-06-28 02:43:10',27),(805,87,161,'2025-02-17 10:46:43',78),(806,59,294,'2024-05-15 09:44:12',86),(807,118,256,'2024-11-24 21:03:59',57),(808,68,100,'2024-05-25 15:29:46',180),(809,184,64,'2024-11-03 10:22:19',14),(810,47,195,'2024-11-28 23:28:01',69),(811,107,55,'2024-08-29 12:41:27',151),(812,183,181,'2024-05-23 22:05:12',144),(813,136,98,'2024-06-11 19:50:07',52),(814,151,116,'2024-07-16 04:32:26',150),(815,21,50,'2024-06-15 02:24:47',144),(816,196,248,'2024-08-29 11:03:36',49),(817,160,122,'2024-07-10 08:45:53',25),(818,91,116,'2024-08-22 06:59:21',153),(819,184,107,'2025-03-26 16:32:15',77),(820,188,247,'2025-04-22 15:15:47',173),(821,131,159,'2025-04-06 23:55:09',100),(822,25,77,'2024-12-31 12:15:05',127),(823,131,257,'2024-10-21 20:38:58',158),(824,159,135,'2025-04-01 04:39:56',23),(825,130,177,'2024-10-02 07:00:13',148),(826,34,235,'2024-07-04 05:10:10',50),(827,94,238,'2024-08-20 21:05:15',159),(828,119,257,'2024-06-26 07:57:50',171),(829,117,137,'2025-03-17 10:03:11',23),(830,153,99,'2024-10-15 12:20:32',155),(831,125,157,'2024-11-18 21:06:02',144),(832,133,81,'2025-01-04 18:17:30',176),(833,157,65,'2024-05-20 22:16:00',24),(834,106,180,'2025-04-22 12:34:20',95),(835,184,73,'2024-09-01 11:43:07',15),(836,35,130,'2024-06-27 23:57:51',26),(837,34,7,'2024-12-26 20:21:48',123),(838,13,265,'2024-08-13 09:11:01',145),(839,61,178,'2024-09-14 14:08:31',154),(840,70,50,'2025-02-17 20:11:32',95),(841,91,139,'2024-12-11 22:59:12',43),(842,42,261,'2024-05-25 16:01:51',25),(843,31,128,'2024-10-28 07:46:54',48),(844,27,205,'2024-06-04 21:37:25',65),(845,179,64,'2025-03-16 00:05:02',22),(846,85,255,'2024-06-01 00:18:54',164),(847,37,285,'2024-12-12 20:26:54',112),(848,23,42,'2024-11-07 07:30:54',112),(849,183,65,'2024-05-06 15:38:48',57),(850,18,207,'2024-11-19 18:36:05',161),(851,165,260,'2025-01-01 13:04:10',150),(852,23,99,'2024-12-04 22:44:57',129),(853,8,144,'2025-02-21 18:37:07',62),(854,195,256,'2024-06-07 20:12:55',122),(855,65,100,'2024-05-04 02:12:54',35),(856,137,111,'2025-02-07 14:17:59',17),(857,136,236,'2024-08-21 16:50:51',82),(858,135,295,'2024-09-30 13:59:44',153),(859,129,249,'2024-07-16 13:53:37',25),(860,157,51,'2025-01-29 04:57:16',165),(861,181,31,'2024-05-07 00:23:48',44),(862,114,298,'2024-07-25 08:15:26',45),(863,87,6,'2024-10-25 00:47:32',77),(864,52,230,'2024-07-21 18:51:50',102),(865,170,103,'2025-03-13 16:29:21',62),(866,137,293,'2024-12-28 23:45:33',79),(867,137,246,'2025-04-11 14:21:00',92),(868,87,66,'2024-12-10 01:16:10',29),(869,183,151,'2025-03-09 10:13:43',34),(870,18,12,'2025-04-19 19:31:22',74),(871,23,24,'2024-06-21 19:03:26',133),(872,62,130,'2024-07-21 18:13:05',141),(873,134,187,'2025-01-08 19:42:51',31),(874,31,69,'2024-08-20 04:18:31',112),(875,87,52,'2025-03-24 01:05:28',22),(876,16,160,'2024-12-29 04:17:03',167),(877,95,277,'2025-02-21 10:57:09',120),(878,179,237,'2024-06-21 22:04:48',127),(879,169,81,'2024-10-10 12:18:40',144),(880,16,230,'2025-01-12 21:19:52',158),(881,184,218,'2024-05-22 20:06:27',113),(882,181,212,'2024-11-16 17:02:02',142),(883,31,217,'2024-07-10 00:18:10',78),(884,48,48,'2024-12-14 08:13:26',101),(885,178,93,'2025-03-04 12:31:05',111),(886,1,187,'2024-07-22 11:52:02',148),(887,158,209,'2024-09-24 13:37:50',179),(888,47,184,'2024-10-14 18:24:19',147),(889,159,101,'2024-05-03 00:23:16',100),(890,146,51,'2024-06-13 22:14:25',133),(891,182,273,'2024-08-30 22:26:24',106),(892,174,92,'2025-03-20 14:04:41',65),(893,117,265,'2024-09-30 05:17:47',117),(894,4,183,'2024-11-11 04:18:53',161),(895,162,177,'2025-03-05 13:45:16',48),(896,101,124,'2025-01-23 22:07:09',18),(897,80,246,'2025-03-18 22:15:26',94),(898,64,291,'2024-06-04 14:37:37',16),(899,66,131,'2024-09-29 05:52:07',91),(900,187,249,'2024-08-31 03:53:13',120),(901,87,156,'2025-03-02 09:27:00',156),(902,148,143,'2025-03-05 08:57:59',99),(903,116,142,'2025-02-10 10:11:15',150),(904,50,234,'2024-06-10 18:53:35',139),(905,127,63,'2025-02-06 00:45:17',74),(906,22,36,'2024-05-11 18:56:27',21),(907,106,25,'2024-11-07 14:11:21',112),(908,107,246,'2025-03-27 12:19:57',91),(909,68,186,'2024-06-19 14:14:48',83),(910,6,133,'2025-04-14 01:07:00',149),(911,26,298,'2024-12-03 01:09:07',65),(912,118,45,'2024-05-19 00:43:04',121),(913,28,111,'2024-09-13 12:15:55',170),(914,78,259,'2024-07-08 02:15:15',37),(915,24,117,'2025-01-29 01:26:11',26),(916,158,20,'2024-10-09 10:52:45',33),(917,180,243,'2024-05-31 04:49:39',154),(918,179,166,'2024-06-02 10:17:53',14),(919,38,150,'2024-06-18 07:05:17',125),(920,164,111,'2024-06-08 18:09:00',120),(921,2,286,'2024-06-17 10:50:53',154),(922,45,119,'2024-12-15 05:03:22',176),(923,140,294,'2024-05-01 00:45:53',74),(924,96,200,'2024-12-07 22:38:23',163),(925,191,88,'2024-10-22 19:58:30',87),(926,149,144,'2024-10-14 00:07:54',112),(927,136,38,'2024-10-23 20:16:40',167),(928,120,282,'2025-03-08 03:14:38',160),(929,141,298,'2024-10-08 21:54:25',137),(930,39,203,'2024-04-25 23:52:47',163),(931,160,190,'2025-02-02 18:37:01',173),(932,137,265,'2025-04-09 14:44:10',177),(933,167,6,'2025-03-08 19:10:06',57),(934,86,112,'2025-03-29 14:52:02',166),(935,169,292,'2024-11-26 13:16:41',152),(936,19,68,'2024-07-09 07:28:57',154),(937,199,251,'2024-08-13 18:31:11',114),(938,67,186,'2024-07-15 23:52:07',32),(939,92,225,'2024-09-05 01:32:18',38),(940,105,236,'2024-08-17 21:36:52',177),(941,184,46,'2025-01-12 01:49:41',87),(942,95,176,'2024-10-03 14:30:19',169),(943,62,95,'2024-06-03 20:29:30',32),(944,48,33,'2024-12-26 02:26:08',138),(945,65,234,'2024-07-04 04:36:27',103),(946,182,192,'2025-03-03 04:18:28',173),(947,69,221,'2025-01-19 12:22:18',176),(948,7,260,'2024-06-03 16:06:06',83),(949,97,145,'2024-05-26 13:07:01',133),(950,42,255,'2024-08-01 02:45:41',82),(951,122,165,'2024-10-02 17:12:28',19),(952,1,34,'2024-08-13 13:30:40',24),(953,32,214,'2025-04-04 12:56:06',28),(954,94,296,'2024-10-16 19:44:09',42),(955,81,187,'2025-02-22 17:56:06',154),(956,97,27,'2025-01-20 23:48:15',132),(957,90,262,'2025-03-06 02:16:13',72),(958,190,160,'2024-05-22 18:50:58',120),(959,89,136,'2025-01-25 02:20:23',97),(960,33,92,'2024-09-04 23:30:02',19),(961,162,263,'2024-11-03 19:45:19',126),(962,175,133,'2024-06-12 08:41:34',179),(963,120,178,'2024-04-28 12:09:21',65),(964,118,26,'2025-04-08 12:15:14',159),(965,189,182,'2025-03-05 13:13:00',62),(966,65,43,'2025-04-06 17:24:40',88),(967,136,36,'2025-02-14 08:48:39',72),(968,103,7,'2024-06-23 10:26:55',127),(969,21,117,'2024-04-30 15:34:28',65),(970,149,111,'2024-10-05 03:57:50',62),(971,21,267,'2025-02-05 06:10:37',23),(972,102,132,'2025-02-12 19:45:55',35),(973,166,200,'2024-10-28 12:50:56',11),(974,34,121,'2024-11-18 16:42:01',172),(975,2,194,'2024-09-19 08:17:28',21),(976,184,277,'2024-05-30 01:02:58',57),(977,148,74,'2024-06-26 23:20:33',66),(978,126,105,'2024-09-18 15:44:06',38),(979,137,77,'2024-05-26 09:41:12',166),(980,175,151,'2024-09-24 06:12:11',28),(981,169,290,'2025-01-03 22:45:51',59),(982,33,14,'2024-12-09 05:04:11',163),(983,17,156,'2025-04-08 08:32:32',68),(984,124,86,'2024-11-07 16:29:49',177),(985,102,146,'2024-09-15 16:44:31',27),(986,138,154,'2024-05-26 09:53:14',177),(987,20,12,'2024-11-12 03:29:03',33),(988,194,94,'2025-04-08 13:42:24',25),(989,37,197,'2025-01-29 01:30:47',35),(990,77,229,'2024-09-15 11:24:11',173),(991,126,293,'2024-05-29 01:35:07',74),(992,2,85,'2024-10-13 06:57:38',104),(993,168,88,'2024-08-17 08:44:32',165),(994,175,28,'2025-03-17 16:58:07',134),(995,72,285,'2024-08-29 00:44:40',143),(996,51,154,'2025-01-24 20:48:24',85),(997,150,279,'2024-09-02 20:02:55',125),(998,4,213,'2025-03-25 01:37:40',55),(999,92,95,'2024-11-27 11:03:12',30),(1000,68,262,'2024-08-14 20:19:38',154),(1001,64,263,'2025-04-14 13:32:33',56),(1002,32,193,'2024-06-16 08:10:00',36),(1003,153,180,'2024-12-07 12:17:40',151),(1004,79,138,'2024-10-31 23:27:15',51),(1005,61,257,'2024-04-24 22:58:07',158),(1006,53,44,'2024-05-26 10:34:04',137),(1007,64,12,'2025-02-15 22:05:43',150),(1008,3,157,'2025-03-21 08:54:02',52),(1009,1,284,'2024-12-28 18:33:31',33),(1010,9,224,'2024-12-04 13:02:45',163),(1011,44,13,'2024-12-19 20:14:19',24),(1012,3,44,'2025-02-16 21:38:18',61),(1013,158,28,'2024-12-11 02:24:16',50),(1014,18,234,'2024-09-04 06:17:32',129),(1015,41,210,'2025-02-01 04:13:00',171),(1016,55,282,'2024-12-06 17:31:36',72),(1017,145,166,'2025-02-24 20:39:13',99),(1018,162,162,'2024-06-18 13:14:55',82),(1019,105,254,'2024-10-24 12:53:34',89),(1020,108,84,'2025-02-12 10:06:04',180),(1021,160,216,'2024-10-19 04:55:43',61),(1022,8,253,'2024-12-10 16:01:41',75),(1023,134,179,'2025-02-09 00:42:46',85),(1024,150,158,'2024-06-18 04:28:14',124),(1025,130,242,'2025-02-13 06:53:28',67),(1026,80,164,'2025-03-10 23:33:00',73),(1027,36,187,'2024-12-08 22:29:34',108),(1028,125,114,'2024-09-05 00:25:18',20),(1029,117,96,'2024-11-28 15:33:28',80),(1030,179,48,'2025-02-06 04:23:23',129),(1031,160,207,'2024-06-28 09:39:31',156),(1032,107,173,'2024-11-17 02:20:11',26),(1033,182,98,'2025-03-27 17:15:08',37),(1034,166,298,'2024-09-04 10:23:50',144),(1035,173,299,'2025-02-16 20:09:37',101),(1036,107,146,'2024-08-23 17:46:06',103),(1037,103,21,'2024-11-27 19:13:58',101),(1038,118,65,'2025-03-16 11:06:08',111),(1039,184,178,'2024-07-07 21:28:43',16),(1040,103,38,'2024-07-06 11:43:26',149),(1041,191,3,'2025-01-10 05:11:49',165),(1042,157,19,'2024-08-12 02:46:02',23),(1043,179,225,'2024-12-23 10:47:46',146),(1044,114,196,'2024-08-06 02:12:43',48),(1045,46,81,'2024-08-23 19:00:06',106),(1046,65,27,'2024-07-20 16:40:28',33),(1047,56,25,'2024-06-22 20:51:34',145),(1048,43,183,'2025-02-23 19:59:07',141),(1049,3,233,'2024-12-23 04:17:38',170),(1050,13,269,'2025-01-08 12:23:52',11),(1051,9,20,'2025-04-01 08:06:42',76),(1052,192,108,'2025-04-15 07:17:22',72),(1053,172,181,'2025-04-17 04:55:03',56),(1054,10,5,'2025-03-22 00:13:10',19),(1055,139,64,'2024-09-05 18:50:24',63),(1056,159,292,'2025-01-13 13:09:16',18),(1057,136,38,'2025-01-17 20:40:37',47),(1058,50,43,'2024-05-07 17:55:33',147),(1059,125,187,'2024-12-07 00:02:12',145),(1060,12,34,'2024-10-24 13:23:10',90),(1061,127,143,'2025-04-14 08:25:52',172),(1062,58,238,'2024-12-23 21:49:01',129),(1063,38,186,'2024-09-11 01:53:33',112),(1064,15,262,'2025-02-14 20:15:30',45),(1065,2,62,'2024-09-06 04:31:39',19),(1066,18,170,'2024-10-29 03:19:26',165),(1067,173,121,'2024-07-12 21:30:44',177),(1068,6,202,'2024-07-24 04:19:08',98),(1069,130,249,'2025-01-05 17:02:22',28),(1070,146,228,'2024-10-05 04:49:41',145),(1071,192,131,'2025-04-07 03:03:11',122),(1072,69,159,'2025-04-20 05:41:07',151),(1073,184,49,'2024-08-21 11:40:04',129),(1074,197,236,'2025-02-24 00:59:38',134),(1075,128,217,'2025-04-09 18:45:11',74),(1076,47,117,'2024-05-07 23:12:53',30),(1077,162,290,'2025-04-05 03:13:57',50),(1078,29,240,'2024-05-07 14:13:41',139),(1079,199,276,'2025-01-17 14:17:28',162),(1080,170,179,'2024-11-20 21:37:56',156),(1081,88,48,'2025-02-10 01:21:13',151),(1082,114,180,'2025-02-17 11:18:38',84),(1083,163,158,'2024-06-20 10:10:00',149),(1084,21,188,'2025-02-22 04:18:34',178),(1085,80,225,'2024-05-07 12:48:15',134),(1086,47,214,'2025-02-17 21:07:31',24),(1087,70,158,'2024-06-11 08:49:19',27),(1088,74,53,'2024-09-27 20:24:06',94),(1089,91,245,'2025-03-16 06:18:28',115),(1090,110,236,'2025-02-15 06:44:55',14),(1091,120,239,'2024-08-01 05:39:51',27),(1092,58,158,'2025-02-07 15:32:42',25),(1093,142,84,'2024-07-29 19:15:48',86),(1094,83,267,'2024-12-16 15:00:19',35),(1095,90,37,'2024-09-22 18:32:37',71),(1096,72,134,'2025-04-22 01:24:15',127),(1097,112,254,'2024-06-12 14:17:54',68),(1098,72,29,'2024-07-27 03:00:57',52),(1099,111,171,'2025-02-01 03:04:03',172),(1100,181,150,'2024-08-28 13:30:23',165),(1101,40,159,'2025-04-19 17:55:12',126),(1102,173,45,'2025-03-26 02:16:07',64),(1103,178,211,'2025-01-06 13:30:30',64),(1104,107,294,'2024-11-24 03:26:57',54),(1105,109,131,'2025-03-02 18:59:36',25),(1106,116,268,'2024-12-29 15:37:46',155),(1107,75,64,'2025-03-25 21:33:37',18),(1108,119,254,'2025-04-17 13:30:34',139),(1109,46,44,'2024-09-14 05:09:18',29),(1110,128,37,'2024-12-04 02:58:42',95),(1111,162,213,'2024-06-17 10:12:49',131),(1112,113,71,'2025-04-20 15:18:38',180),(1113,186,144,'2025-01-14 09:47:01',96),(1114,34,110,'2024-12-03 17:41:35',65),(1115,51,115,'2024-10-11 03:25:55',125),(1116,197,98,'2024-11-18 05:39:07',63),(1117,156,79,'2025-03-18 22:22:30',143),(1118,150,17,'2024-12-29 11:18:52',147),(1119,181,79,'2025-03-05 08:36:21',24),(1120,46,143,'2024-10-10 12:03:24',93),(1121,93,101,'2025-04-10 05:48:54',133),(1122,145,270,'2025-02-17 07:57:23',81),(1123,148,132,'2025-03-28 08:36:43',69),(1124,131,205,'2024-10-18 13:34:07',95),(1125,133,211,'2024-06-10 02:47:46',158),(1126,196,40,'2024-08-11 19:41:49',75),(1127,103,10,'2024-12-27 07:12:11',46),(1128,52,1,'2025-01-15 08:23:15',144),(1129,78,107,'2025-02-01 03:19:47',17),(1130,178,144,'2025-04-02 01:23:17',84),(1131,3,95,'2025-01-24 01:37:47',142),(1132,6,137,'2024-11-06 23:08:23',23),(1133,127,50,'2025-03-19 05:21:31',124),(1134,85,124,'2024-05-20 17:48:23',65),(1135,42,120,'2024-07-15 01:36:34',104),(1136,78,255,'2025-03-08 16:26:58',64),(1137,3,243,'2024-08-31 07:23:00',90),(1138,120,202,'2024-08-25 16:50:06',94),(1139,41,132,'2024-10-25 02:25:42',83),(1140,102,287,'2024-08-11 21:18:36',79),(1141,143,278,'2024-07-19 13:39:09',132),(1142,96,174,'2025-04-10 08:16:03',25),(1143,193,179,'2025-02-21 10:28:25',21),(1144,127,172,'2024-09-13 17:39:43',58),(1145,114,264,'2025-01-17 06:39:11',120),(1146,136,70,'2024-06-28 05:26:12',179),(1147,40,263,'2024-08-20 22:37:19',128),(1148,154,170,'2024-10-29 00:28:17',176),(1149,113,27,'2024-10-18 14:18:16',158),(1150,146,56,'2024-08-26 14:01:22',40),(1151,19,106,'2024-04-28 12:17:17',135),(1152,89,49,'2025-03-09 14:13:20',113),(1153,48,100,'2025-02-07 10:42:54',129),(1154,195,229,'2024-07-14 10:55:06',166),(1155,119,244,'2024-04-30 10:44:37',70),(1156,94,276,'2025-01-10 11:59:59',31),(1157,158,169,'2024-05-02 04:06:49',139),(1158,154,268,'2024-08-08 21:50:58',175),(1159,52,254,'2024-12-09 05:39:12',63),(1160,53,278,'2024-06-16 22:00:17',91),(1161,167,264,'2024-10-23 03:03:17',86),(1162,47,209,'2024-06-03 04:25:45',73),(1163,175,208,'2024-07-13 13:30:06',180),(1164,171,193,'2024-11-25 17:08:22',123),(1165,17,215,'2024-11-27 06:32:42',61),(1166,187,232,'2025-03-04 22:54:50',135),(1167,33,221,'2024-06-08 07:26:22',27),(1168,18,33,'2024-12-04 01:43:14',57),(1169,115,42,'2024-12-26 19:26:58',153),(1170,22,5,'2024-09-15 02:24:47',145),(1171,183,276,'2024-08-19 17:28:18',59),(1172,10,13,'2024-09-12 20:47:35',56),(1173,71,32,'2024-10-16 08:30:55',115),(1174,64,164,'2025-03-31 13:03:27',176),(1175,58,110,'2024-10-14 00:09:21',50),(1176,31,8,'2024-11-28 07:50:36',111),(1177,76,283,'2024-07-09 08:26:16',61),(1178,41,11,'2025-01-27 06:28:53',100),(1179,200,54,'2024-08-31 23:54:06',65),(1180,185,229,'2024-08-28 20:46:27',116),(1181,149,27,'2024-09-28 22:58:03',101),(1182,18,121,'2024-09-09 19:21:53',159),(1183,200,212,'2024-12-01 20:41:44',73),(1184,186,198,'2025-04-04 17:30:55',137),(1185,156,120,'2024-06-20 11:46:11',11),(1186,29,269,'2025-01-15 00:26:47',121),(1187,143,140,'2025-01-02 21:51:04',73),(1188,186,17,'2024-11-29 13:56:07',166),(1189,68,26,'2024-08-26 06:21:00',139),(1190,19,154,'2024-04-27 08:05:10',60),(1191,192,300,'2025-03-11 14:50:57',62),(1192,6,224,'2025-03-30 09:38:20',54),(1193,37,141,'2024-12-07 12:03:45',22),(1194,120,266,'2025-03-07 21:38:12',21),(1195,141,134,'2025-02-27 16:00:26',16),(1196,50,58,'2024-05-23 09:13:17',66),(1197,190,230,'2024-11-17 01:06:12',67),(1198,194,156,'2024-07-19 03:26:48',55),(1199,22,174,'2024-12-01 14:33:26',108),(1200,144,156,'2024-05-05 00:46:46',34),(1201,143,210,'2025-02-21 09:37:43',178),(1202,121,133,'2025-02-24 03:54:58',95),(1203,131,18,'2025-04-01 17:54:48',142),(1204,108,203,'2024-08-05 12:05:36',100),(1205,180,299,'2025-03-22 17:50:59',71),(1206,105,107,'2024-08-16 13:27:44',159),(1207,147,131,'2024-10-14 09:21:35',56),(1208,68,89,'2024-06-08 22:33:09',113),(1209,75,261,'2024-04-26 08:49:53',30),(1210,99,103,'2024-07-05 13:36:53',114),(1211,65,160,'2024-06-18 16:29:30',11),(1212,181,69,'2025-02-14 04:11:36',166),(1213,158,277,'2024-10-07 03:59:41',164),(1214,191,294,'2025-04-09 10:46:57',143),(1215,5,33,'2024-11-10 10:43:43',132),(1216,70,231,'2024-10-06 20:49:01',172),(1217,34,139,'2025-01-22 06:49:23',177),(1218,178,156,'2025-01-06 22:03:57',36),(1219,159,80,'2025-02-03 09:40:02',61),(1220,97,163,'2024-06-18 15:00:13',43),(1221,192,188,'2024-06-17 07:38:34',48),(1222,19,266,'2024-06-27 10:06:16',130),(1223,101,47,'2024-11-06 22:24:37',12),(1224,171,186,'2024-10-15 10:54:01',50),(1225,163,118,'2025-03-21 21:34:33',32),(1226,88,119,'2024-05-16 13:30:02',100),(1227,95,235,'2024-06-02 23:29:34',68),(1228,14,93,'2024-09-08 23:11:56',52),(1229,139,114,'2024-07-15 15:52:23',22),(1230,80,190,'2024-07-23 01:25:32',13),(1231,38,274,'2024-06-14 09:25:30',121),(1232,99,215,'2025-04-19 13:46:19',42),(1233,48,228,'2024-12-14 00:01:12',158),(1234,138,254,'2024-05-22 00:14:59',91),(1235,145,98,'2024-06-12 21:56:37',135),(1236,161,64,'2025-02-06 17:44:34',122),(1237,175,238,'2024-12-05 23:52:39',112),(1238,118,98,'2024-09-20 17:23:45',178),(1239,112,26,'2024-12-07 02:22:55',166),(1240,53,175,'2024-10-11 07:01:33',150),(1241,7,125,'2024-12-15 21:42:49',108),(1242,45,277,'2025-01-29 19:26:23',49),(1243,151,131,'2025-02-17 05:31:56',136),(1244,55,182,'2024-11-21 20:04:20',153),(1245,157,12,'2024-06-29 10:09:10',13),(1246,125,192,'2025-01-28 22:40:20',116),(1247,172,164,'2024-05-05 06:28:55',104),(1248,133,149,'2024-06-17 18:18:57',43),(1249,191,109,'2025-03-18 15:33:25',117),(1250,193,84,'2024-07-22 23:56:52',37),(1251,65,180,'2024-10-27 20:57:15',59),(1252,195,49,'2024-10-18 03:32:25',49),(1253,21,144,'2024-05-31 12:43:58',64),(1254,120,89,'2024-07-12 13:20:09',159),(1255,130,13,'2025-01-13 10:56:45',82),(1256,50,49,'2024-05-10 23:49:39',18),(1257,12,93,'2024-09-22 10:05:33',117),(1258,177,143,'2024-06-04 02:03:09',162),(1259,114,165,'2024-07-03 21:28:09',75),(1260,110,81,'2024-06-17 11:48:28',144),(1261,145,149,'2024-05-15 21:19:00',125),(1262,114,96,'2024-11-17 06:48:49',64),(1263,107,113,'2024-07-03 00:34:44',142),(1264,58,212,'2024-10-25 08:02:09',45),(1265,65,241,'2024-10-19 23:54:45',164),(1266,178,249,'2024-07-10 22:04:11',21),(1267,182,290,'2025-04-22 23:38:01',112),(1268,22,216,'2025-03-06 15:44:47',125),(1269,182,202,'2024-09-28 22:18:21',22),(1270,92,245,'2024-09-23 21:35:29',177),(1271,130,13,'2024-06-16 06:35:43',132),(1272,188,200,'2025-03-07 00:57:50',168),(1273,102,16,'2024-04-27 14:23:19',149),(1274,172,13,'2024-12-16 03:18:52',29),(1275,93,90,'2024-06-29 14:46:35',178),(1276,78,24,'2025-01-29 18:31:52',31),(1277,95,77,'2024-07-19 00:09:21',162),(1278,30,45,'2025-03-06 05:02:09',44),(1279,158,258,'2025-02-01 00:25:31',51),(1280,84,134,'2024-12-01 06:49:53',179),(1281,25,67,'2025-03-03 16:58:32',73),(1282,122,39,'2025-01-17 21:49:41',46),(1283,177,39,'2024-05-05 05:04:35',29),(1284,173,81,'2025-01-25 15:37:19',165),(1285,91,241,'2025-02-08 21:58:36',141),(1286,166,90,'2025-04-03 02:53:24',177),(1287,9,20,'2024-11-07 09:27:55',135),(1288,159,49,'2024-05-05 09:55:54',100),(1289,7,274,'2024-07-11 10:09:35',139),(1290,49,142,'2024-06-20 06:13:34',88),(1291,69,149,'2024-11-04 03:49:52',142),(1292,3,141,'2024-08-09 14:59:09',168),(1293,180,291,'2024-08-01 14:35:29',142),(1294,83,129,'2024-05-17 14:31:55',32),(1295,49,93,'2024-08-11 13:19:09',156),(1296,106,275,'2024-08-06 20:03:14',178),(1297,24,281,'2024-05-26 19:29:26',39),(1298,64,101,'2025-01-26 16:01:51',138),(1299,79,280,'2025-03-10 13:14:41',136),(1300,140,235,'2024-07-17 22:26:34',103),(1301,145,19,'2024-05-13 10:44:43',147),(1302,52,215,'2024-07-18 13:44:57',17),(1303,85,207,'2024-11-30 07:05:20',149),(1304,151,224,'2025-01-15 04:23:27',11),(1305,107,198,'2024-09-05 18:30:48',127),(1306,86,78,'2024-11-17 23:13:45',162),(1307,111,251,'2024-08-18 21:41:32',152),(1308,156,110,'2024-12-03 11:33:11',62),(1309,175,173,'2025-04-04 12:37:12',79),(1310,152,169,'2024-07-27 08:10:20',61),(1311,57,18,'2024-11-23 15:44:28',63),(1312,55,161,'2024-12-01 08:44:40',102),(1313,73,194,'2024-11-06 17:38:36',38),(1314,185,162,'2024-10-28 20:02:15',151),(1315,58,215,'2024-10-05 22:35:36',92),(1316,194,194,'2024-12-07 08:23:22',116),(1317,103,260,'2024-04-29 20:55:02',56),(1318,34,291,'2024-04-27 06:02:27',173),(1319,189,55,'2024-09-04 16:21:57',28),(1320,13,132,'2024-11-27 05:43:38',145),(1321,200,182,'2024-08-12 15:55:07',175),(1322,92,83,'2024-10-16 16:45:55',148),(1323,128,285,'2024-04-24 18:05:57',127),(1324,1,28,'2025-01-01 20:35:11',49),(1325,83,238,'2025-01-21 15:37:18',54),(1326,34,66,'2024-07-23 13:12:35',62),(1327,116,247,'2025-04-08 17:56:12',165),(1328,123,196,'2024-04-28 13:45:23',129),(1329,144,112,'2024-09-14 20:50:31',166),(1330,200,178,'2025-02-21 09:07:14',33),(1331,183,1,'2024-11-06 01:06:09',172),(1332,101,130,'2025-02-02 15:04:43',119),(1333,6,226,'2024-10-14 13:03:14',165),(1334,80,125,'2024-07-13 00:09:23',124),(1335,53,50,'2024-05-15 08:51:28',66),(1336,24,179,'2024-10-09 00:50:59',29),(1337,60,271,'2024-11-23 06:27:56',110),(1338,116,82,'2024-07-30 13:04:36',37),(1339,44,154,'2024-05-22 14:09:14',141),(1340,138,39,'2024-12-09 10:16:30',32),(1341,127,86,'2025-01-26 23:12:08',106),(1342,76,263,'2024-09-21 20:57:15',91),(1343,196,240,'2025-03-28 01:16:48',63),(1344,185,63,'2024-12-05 13:52:42',155),(1345,93,134,'2025-02-19 07:26:19',163),(1346,101,94,'2025-04-12 02:55:57',157),(1347,49,38,'2024-09-22 03:54:54',176),(1348,161,290,'2025-03-03 12:27:50',14),(1349,186,11,'2024-07-13 05:47:09',131),(1350,193,238,'2025-01-04 11:44:36',37),(1351,185,12,'2025-04-02 05:24:57',109),(1352,3,66,'2024-10-05 12:13:04',53),(1353,44,144,'2025-03-03 07:03:24',30),(1354,115,128,'2025-01-26 09:49:14',49),(1355,16,69,'2024-05-30 03:12:03',163),(1356,159,160,'2024-11-09 07:31:21',47),(1357,150,133,'2024-07-24 22:35:29',30),(1358,140,128,'2024-06-29 04:04:28',93),(1359,149,42,'2024-08-25 10:50:08',165),(1360,71,179,'2024-12-02 00:28:19',72),(1361,189,159,'2024-06-26 23:31:40',98),(1362,55,243,'2024-08-31 02:58:26',167),(1363,129,46,'2024-07-10 19:17:47',34),(1364,80,111,'2024-06-26 18:52:24',163),(1365,49,7,'2024-12-30 07:50:18',176),(1366,37,220,'2024-08-22 00:06:46',127),(1367,96,227,'2024-09-14 22:22:13',175),(1368,197,215,'2025-01-25 06:01:12',168),(1369,8,38,'2025-01-01 16:11:28',53),(1370,88,12,'2024-12-29 16:56:08',78),(1371,91,21,'2025-04-09 00:21:07',74),(1372,98,122,'2025-03-18 02:18:05',119),(1373,7,9,'2024-12-11 23:46:49',101),(1374,97,146,'2024-06-07 05:46:31',146),(1375,135,256,'2024-04-25 00:00:25',16),(1376,200,152,'2024-07-22 16:36:38',42),(1377,173,178,'2024-06-06 22:29:13',62),(1378,82,131,'2025-04-10 06:58:53',62),(1379,81,18,'2025-02-10 11:28:11',10),(1380,95,14,'2025-04-17 16:16:02',50),(1381,20,52,'2024-12-04 08:27:51',76),(1382,168,296,'2024-05-15 23:41:58',68),(1383,122,93,'2024-12-14 07:05:19',72),(1384,133,190,'2024-06-16 18:32:55',48),(1385,174,53,'2024-05-17 14:00:18',66),(1386,190,169,'2024-11-28 22:36:59',134),(1387,172,229,'2024-12-26 11:47:17',88),(1388,161,80,'2024-11-19 12:45:51',57),(1389,135,268,'2024-08-15 09:35:34',98),(1390,159,230,'2024-08-31 03:08:26',157),(1391,166,231,'2025-02-22 21:25:45',175),(1392,121,283,'2024-08-25 21:13:24',170),(1393,51,264,'2024-10-09 07:35:22',132),(1394,102,93,'2025-04-14 10:50:38',105),(1395,103,110,'2024-11-16 19:13:03',94),(1396,15,244,'2025-04-11 13:54:20',31),(1397,74,26,'2024-12-01 18:27:31',15),(1398,153,251,'2025-03-17 08:59:45',109),(1399,179,13,'2025-03-08 16:28:04',87),(1400,49,172,'2024-07-06 00:40:34',15),(1401,70,206,'2024-09-07 22:27:32',109),(1402,35,108,'2025-02-05 05:57:36',157),(1403,37,225,'2024-11-03 00:09:07',51),(1404,147,191,'2024-10-08 00:38:11',156),(1405,136,238,'2024-11-02 04:29:06',14),(1406,91,237,'2025-01-02 00:19:50',163),(1407,15,178,'2024-06-21 12:39:26',114),(1408,162,80,'2025-01-17 03:24:19',117),(1409,183,25,'2024-12-03 16:33:05',123),(1410,29,6,'2024-10-13 18:03:58',126),(1411,133,142,'2025-04-02 05:20:31',131),(1412,145,20,'2024-04-30 09:33:42',163),(1413,61,151,'2024-12-22 14:31:27',167),(1414,123,105,'2025-04-15 21:47:42',111),(1415,89,134,'2024-11-01 16:01:07',27),(1416,78,241,'2024-10-31 00:05:59',34),(1417,174,71,'2024-12-26 08:34:42',74),(1418,171,114,'2025-03-28 02:24:02',57),(1419,64,42,'2025-02-27 17:18:59',30),(1420,153,212,'2024-10-10 05:32:38',63),(1421,30,251,'2025-02-12 03:34:39',21),(1422,161,54,'2024-09-03 06:53:19',29),(1423,146,45,'2024-09-18 11:24:16',167),(1424,77,44,'2025-01-18 07:09:48',170),(1425,125,89,'2025-03-02 09:23:39',25),(1426,26,221,'2025-04-07 08:57:43',123),(1427,18,166,'2025-02-08 17:07:21',58),(1428,144,59,'2024-05-10 07:58:34',86),(1429,73,45,'2024-08-11 10:51:52',173),(1430,45,197,'2024-09-12 05:43:47',62),(1431,98,278,'2024-08-06 20:46:48',100),(1432,177,194,'2024-07-29 11:25:18',76),(1433,37,267,'2025-01-30 12:29:15',42),(1434,95,72,'2024-09-21 10:44:42',74),(1435,103,242,'2024-10-22 08:44:02',58),(1436,147,51,'2024-07-15 23:53:41',151),(1437,20,77,'2024-07-20 00:33:54',85),(1438,118,251,'2024-11-02 14:22:54',34),(1439,55,42,'2025-01-24 17:41:55',126),(1440,61,39,'2024-11-12 02:20:53',109),(1441,12,57,'2025-02-12 18:25:19',76),(1442,24,47,'2024-12-25 05:18:15',154),(1443,2,138,'2024-12-06 23:58:54',87),(1444,135,91,'2024-10-03 15:22:39',144),(1445,27,179,'2024-09-20 09:33:17',99),(1446,15,291,'2024-10-30 10:04:13',125),(1447,55,73,'2024-10-06 00:20:04',45),(1448,118,256,'2024-06-07 05:17:10',164),(1449,24,85,'2024-05-25 14:49:04',64),(1450,37,100,'2024-06-13 14:47:29',87),(1451,198,171,'2024-12-06 22:12:05',64),(1452,45,24,'2024-06-14 14:04:40',104),(1453,142,214,'2024-06-21 13:35:12',82),(1454,110,182,'2024-09-10 01:31:52',11),(1455,53,285,'2024-07-03 22:16:49',35),(1456,62,125,'2024-11-18 18:58:53',45),(1457,153,116,'2025-04-21 14:13:38',147),(1458,132,248,'2024-07-28 02:09:56',156),(1459,167,101,'2024-04-24 18:19:18',100),(1460,162,82,'2024-04-24 15:47:13',137),(1461,8,98,'2025-04-10 10:29:41',153),(1462,39,3,'2024-07-04 22:35:10',176),(1463,111,228,'2024-06-04 07:05:05',153),(1464,180,285,'2024-07-29 06:03:11',119),(1465,137,300,'2025-02-16 05:25:58',104),(1466,33,176,'2025-03-01 08:29:36',100),(1467,102,122,'2024-10-25 05:20:22',177),(1468,175,8,'2025-02-27 12:29:16',113),(1469,67,206,'2025-01-21 17:43:09',106),(1470,197,290,'2024-09-07 02:56:47',13),(1471,68,146,'2024-09-02 11:06:08',98),(1472,8,284,'2025-04-19 10:19:11',121),(1473,33,238,'2024-08-31 03:17:52',106),(1474,85,147,'2024-06-12 20:49:05',57),(1475,185,114,'2024-05-16 08:03:43',80),(1476,171,219,'2025-03-07 16:34:04',19),(1477,20,283,'2024-09-06 11:50:29',173),(1478,154,262,'2024-06-02 11:20:14',100),(1479,28,243,'2024-10-22 19:12:52',163),(1480,200,69,'2024-12-07 19:13:45',148),(1481,133,116,'2024-07-21 20:15:33',33),(1482,42,3,'2024-11-08 01:04:43',52),(1483,193,69,'2024-06-07 09:46:09',73),(1484,38,32,'2024-07-10 17:20:07',170),(1485,88,267,'2025-01-08 09:37:51',38),(1486,164,164,'2024-12-07 11:11:47',95),(1487,181,67,'2025-01-23 15:43:14',147),(1488,138,217,'2024-12-04 20:04:03',89),(1489,153,257,'2024-08-25 01:49:48',56),(1490,27,26,'2025-02-26 14:35:14',144),(1491,92,194,'2024-06-01 13:37:55',86),(1492,161,32,'2025-04-20 11:59:15',168),(1493,94,193,'2024-08-17 04:05:29',178),(1494,82,165,'2024-11-29 20:39:15',165),(1495,88,46,'2024-08-10 01:35:14',48),(1496,64,175,'2024-11-04 04:56:14',17),(1497,26,285,'2024-06-03 08:47:39',24),(1498,142,292,'2025-02-23 19:46:45',143),(1499,122,82,'2024-11-30 15:41:55',39),(1500,158,93,'2025-01-08 02:44:19',149),(1501,55,291,'2024-06-17 12:18:36',82),(1502,152,81,'2025-03-15 16:52:52',143),(1503,171,81,'2024-07-03 06:31:49',154),(1504,185,236,'2024-11-19 01:35:09',95),(1505,40,264,'2025-02-21 00:23:20',75),(1506,186,225,'2024-09-29 23:32:57',42),(1507,95,159,'2024-08-03 20:13:32',143),(1508,1,29,'2024-09-15 14:13:19',51),(1509,191,43,'2024-10-04 03:10:14',112),(1510,151,112,'2024-12-10 11:26:32',163),(1511,42,101,'2024-06-29 15:46:24',11),(1512,82,255,'2025-03-19 18:34:30',38),(1513,12,73,'2024-10-16 14:29:01',100),(1514,130,220,'2024-08-26 23:20:08',24),(1515,31,294,'2024-07-27 17:32:49',113),(1516,186,174,'2024-12-08 03:55:17',43),(1517,60,66,'2025-04-11 07:33:59',73),(1518,188,276,'2024-06-13 15:51:35',81),(1519,147,113,'2024-12-25 17:09:27',109),(1520,185,228,'2024-05-19 19:13:51',95),(1521,172,220,'2025-03-29 02:55:01',76),(1522,133,159,'2024-07-04 23:44:59',142),(1523,52,176,'2024-09-06 23:28:07',106),(1524,141,278,'2024-11-06 15:29:12',162),(1525,11,56,'2024-09-13 13:32:44',168),(1526,51,199,'2025-01-17 13:19:51',97),(1527,46,150,'2024-09-14 06:23:44',78),(1528,157,47,'2025-03-04 16:05:18',179),(1529,176,147,'2024-06-20 11:09:14',106),(1530,157,148,'2024-08-28 19:28:07',59),(1531,195,172,'2024-05-07 18:34:55',115),(1532,177,209,'2024-08-12 13:12:21',45),(1533,86,158,'2025-04-01 06:54:58',47),(1534,12,97,'2024-06-26 19:07:37',14),(1535,100,135,'2024-06-19 09:21:36',59),(1536,67,247,'2024-07-02 18:53:55',68),(1537,57,49,'2024-08-09 01:56:44',146),(1538,40,6,'2024-11-10 23:03:25',98),(1539,86,233,'2025-01-20 06:57:28',136),(1540,184,153,'2025-03-22 01:44:15',17),(1541,173,150,'2024-12-28 12:31:50',31),(1542,135,185,'2024-05-17 21:39:00',46),(1543,5,234,'2025-02-23 02:34:52',87),(1544,45,177,'2024-08-26 21:43:34',16),(1545,89,117,'2024-12-19 08:19:54',64),(1546,56,37,'2024-06-17 16:49:42',98),(1547,165,160,'2024-09-18 22:30:37',154),(1548,68,202,'2024-10-29 13:10:46',88),(1549,144,171,'2024-10-20 13:52:21',30),(1550,94,132,'2024-10-21 04:20:45',108),(1551,132,140,'2024-12-13 17:35:52',70),(1552,66,128,'2024-10-09 10:43:47',160),(1553,73,108,'2024-05-23 19:06:00',166),(1554,98,26,'2024-06-28 04:44:10',96),(1555,139,42,'2024-07-01 10:29:17',69),(1556,144,23,'2024-07-02 23:43:11',144),(1557,100,282,'2025-03-14 09:38:10',28),(1558,67,1,'2024-04-25 14:10:03',129),(1559,151,169,'2024-11-05 18:31:00',23),(1560,33,164,'2025-02-13 17:08:50',38),(1561,26,190,'2024-06-25 03:07:37',157),(1562,1,32,'2024-09-11 11:01:06',49),(1563,197,293,'2024-08-29 18:53:57',87),(1564,150,136,'2024-05-19 02:50:32',49),(1565,159,88,'2024-07-11 08:14:53',39),(1566,23,58,'2024-12-03 00:12:42',162),(1567,127,41,'2025-03-14 14:04:55',130),(1568,196,14,'2024-08-17 07:02:08',180),(1569,64,103,'2024-10-27 23:04:34',13),(1570,8,39,'2024-11-07 07:53:05',114),(1571,111,16,'2024-06-06 14:42:45',10),(1572,120,40,'2024-11-20 23:45:09',73),(1573,100,129,'2025-02-15 22:26:36',157),(1574,90,238,'2024-08-23 00:09:03',150),(1575,22,248,'2024-07-29 16:49:40',108),(1576,103,281,'2024-07-23 16:15:40',104),(1577,156,240,'2024-05-24 00:20:45',88),(1578,69,151,'2024-12-05 10:28:08',130),(1579,91,66,'2024-07-19 00:36:21',85),(1580,6,184,'2024-04-26 10:57:06',147),(1581,194,16,'2025-02-06 00:47:05',67),(1582,9,66,'2024-08-21 21:37:57',142),(1583,173,187,'2024-10-07 07:52:27',159),(1584,121,238,'2024-07-22 01:21:12',149),(1585,131,95,'2025-04-11 16:40:26',112),(1586,89,144,'2024-07-08 11:48:25',89),(1587,146,212,'2024-05-10 02:58:17',147),(1588,143,234,'2024-07-20 14:37:43',48),(1589,106,154,'2025-04-12 15:14:18',137),(1590,192,18,'2024-07-20 01:50:13',135),(1591,150,256,'2025-04-12 02:48:48',102),(1592,106,287,'2024-07-09 00:42:54',112),(1593,185,187,'2024-05-01 05:49:40',180),(1594,133,109,'2024-10-03 19:59:54',69),(1595,147,299,'2025-02-10 15:59:00',19),(1596,8,140,'2024-11-01 17:04:50',103),(1597,135,12,'2024-08-21 09:06:00',90),(1598,27,177,'2024-12-07 13:56:13',169),(1599,28,282,'2025-01-07 03:42:43',147),(1600,4,279,'2024-07-15 06:44:01',23),(1601,199,14,'2024-07-17 05:10:34',147),(1602,70,83,'2024-07-28 14:27:34',154),(1603,72,218,'2024-09-13 12:08:01',89),(1604,22,33,'2025-01-12 10:29:58',112),(1605,111,298,'2025-03-04 15:57:30',52),(1606,175,124,'2024-11-04 16:10:03',126),(1607,123,231,'2024-08-09 09:24:13',37),(1608,160,92,'2024-12-16 14:45:06',124),(1609,45,98,'2024-12-04 07:23:27',142),(1610,197,209,'2024-07-21 05:38:25',176),(1611,23,84,'2024-06-09 11:13:11',35),(1612,69,283,'2024-09-11 12:14:02',176),(1613,37,95,'2024-11-13 21:57:50',32),(1614,98,91,'2024-09-02 09:08:47',130),(1615,166,122,'2025-01-24 04:55:03',20),(1616,76,292,'2024-11-09 04:00:01',87),(1617,182,95,'2024-10-19 18:39:25',78),(1618,130,191,'2025-03-14 06:20:11',86),(1619,118,211,'2024-10-02 14:48:40',94),(1620,55,203,'2024-11-20 23:22:26',163),(1621,144,275,'2024-11-24 08:44:13',74),(1622,145,233,'2024-12-07 08:34:32',158),(1623,77,3,'2024-05-25 20:08:46',107),(1624,178,46,'2024-06-07 17:39:26',11),(1625,192,28,'2024-08-24 14:37:07',150),(1626,32,109,'2024-07-01 15:40:56',15),(1627,191,88,'2025-01-16 13:41:02',60),(1628,169,265,'2024-10-12 01:21:35',145),(1629,45,20,'2024-07-07 15:49:35',64),(1630,17,237,'2024-11-24 07:52:06',35),(1631,10,145,'2025-01-30 01:55:59',146),(1632,141,256,'2024-05-11 22:21:55',104),(1633,21,35,'2025-01-28 19:46:28',70),(1634,177,235,'2024-12-03 14:48:36',30),(1635,71,217,'2025-04-04 18:13:27',128),(1636,129,67,'2024-10-20 07:54:51',127),(1637,199,139,'2024-10-29 10:00:12',114),(1638,80,286,'2024-10-03 15:02:43',136),(1639,5,225,'2024-10-25 10:03:17',86),(1640,44,187,'2025-04-11 21:25:50',56),(1641,36,145,'2024-08-23 05:25:17',10),(1642,123,85,'2024-10-26 03:26:50',85),(1643,70,276,'2024-05-18 02:47:02',21),(1644,178,170,'2025-02-12 16:01:51',75),(1645,137,50,'2025-02-09 09:02:02',109),(1646,170,129,'2024-05-31 12:27:15',39),(1647,90,167,'2024-06-02 12:27:31',139),(1648,83,194,'2024-10-21 10:47:20',22),(1649,185,174,'2024-06-01 14:18:07',86),(1650,92,265,'2024-12-15 19:55:54',17),(1651,69,67,'2025-01-03 20:13:32',72),(1652,166,119,'2024-08-07 01:46:31',110),(1653,153,151,'2024-08-03 23:34:24',153),(1654,197,38,'2025-04-01 00:55:32',127),(1655,11,274,'2024-11-13 15:22:50',35),(1656,137,118,'2025-03-28 16:37:02',155),(1657,162,55,'2024-11-28 16:34:12',27),(1658,181,218,'2025-02-16 23:46:07',67),(1659,85,197,'2024-12-20 22:44:43',77),(1660,195,278,'2025-04-02 06:25:40',143),(1661,75,64,'2024-10-05 17:45:44',19),(1662,180,235,'2024-12-22 12:33:19',49),(1663,148,37,'2024-11-16 13:08:52',53),(1664,88,15,'2025-02-09 06:36:57',115),(1665,147,22,'2025-02-13 10:48:53',138),(1666,82,72,'2024-10-06 21:01:42',104),(1667,60,113,'2024-07-17 11:51:46',12),(1668,194,96,'2025-03-28 17:23:53',107),(1669,110,275,'2025-01-31 08:09:47',96),(1670,178,206,'2025-01-20 11:29:44',133),(1671,159,197,'2024-08-03 23:09:41',92),(1672,43,42,'2024-05-08 01:43:22',57),(1673,36,167,'2024-11-01 21:59:40',104),(1674,53,88,'2024-12-17 11:48:45',21),(1675,183,242,'2025-04-04 16:51:33',99),(1676,21,127,'2024-11-26 20:12:58',164),(1677,74,155,'2024-09-29 11:03:59',143),(1678,47,153,'2024-09-15 21:37:54',45),(1679,152,214,'2024-06-27 02:55:40',138),(1680,156,59,'2025-01-11 08:49:02',136),(1681,33,53,'2024-08-12 18:50:10',77),(1682,1,35,'2024-08-14 20:27:11',142),(1683,173,257,'2024-11-15 05:29:47',36),(1684,72,184,'2024-12-12 21:03:04',85),(1685,184,263,'2024-06-27 09:49:55',156),(1686,39,145,'2024-06-02 04:32:51',67),(1687,20,125,'2024-06-29 11:33:48',175),(1688,47,70,'2025-03-30 14:36:45',68),(1689,79,40,'2024-05-27 05:16:27',152),(1690,85,218,'2024-09-29 23:39:57',63),(1691,1,202,'2025-03-25 09:11:34',133),(1692,97,260,'2024-06-10 02:17:07',60),(1693,44,107,'2025-01-14 16:25:53',171),(1694,98,14,'2025-03-24 03:29:55',173),(1695,67,190,'2024-11-30 21:44:21',62),(1696,163,118,'2024-08-06 07:38:21',134),(1697,188,25,'2024-11-13 14:25:16',40),(1698,58,233,'2024-09-18 15:37:33',114),(1699,185,27,'2024-09-10 10:14:23',116),(1700,39,222,'2024-06-01 21:52:26',79),(1701,64,3,'2025-02-04 06:14:21',36),(1702,140,184,'2025-03-17 06:02:17',108),(1703,130,15,'2025-02-19 20:29:07',123),(1704,145,39,'2024-11-05 23:32:42',156),(1705,83,264,'2024-05-20 03:06:13',17),(1706,182,124,'2024-05-06 23:25:09',176),(1707,167,23,'2025-02-05 05:59:04',136),(1708,79,121,'2024-09-09 22:17:32',180),(1709,26,148,'2024-12-23 04:51:41',129),(1710,114,90,'2024-12-25 12:12:20',82),(1711,57,161,'2024-06-15 17:10:46',89),(1712,172,247,'2024-10-02 07:04:01',131),(1713,61,23,'2025-02-03 17:58:40',162),(1714,4,75,'2024-09-15 22:42:19',173),(1715,140,258,'2024-12-21 02:08:48',148),(1716,11,98,'2025-01-23 06:51:29',105),(1717,41,4,'2025-03-24 13:26:04',112),(1718,95,236,'2024-08-09 11:38:35',40),(1719,22,148,'2024-07-31 12:37:05',122),(1720,190,129,'2025-03-25 18:37:07',14),(1721,75,171,'2025-04-17 23:54:58',93),(1722,58,19,'2025-04-18 02:33:19',127),(1723,197,247,'2024-06-15 15:11:51',38),(1724,49,25,'2024-04-30 12:14:26',55),(1725,9,160,'2024-12-14 09:35:41',143),(1726,63,189,'2024-09-25 14:07:13',150),(1727,9,219,'2024-09-17 05:05:24',117),(1728,8,33,'2024-05-14 18:55:38',28),(1729,127,164,'2024-08-12 02:34:31',23),(1730,88,41,'2024-05-17 09:51:34',43),(1731,76,283,'2024-06-26 03:39:28',37),(1732,72,32,'2024-08-30 07:42:58',68),(1733,93,132,'2024-12-26 01:52:17',123),(1734,66,275,'2024-09-07 19:54:24',147),(1735,82,50,'2024-12-16 02:40:15',80),(1736,87,74,'2024-08-26 21:21:26',134),(1737,96,66,'2024-12-07 13:44:42',173),(1738,67,35,'2025-04-22 19:59:15',168),(1739,74,185,'2024-10-13 03:56:21',118),(1740,32,7,'2025-01-01 16:13:17',177),(1741,9,29,'2025-02-03 15:50:26',162),(1742,164,112,'2024-12-20 12:00:57',84),(1743,191,98,'2024-05-11 11:33:21',52),(1744,99,102,'2024-11-28 07:22:54',80),(1745,189,205,'2024-08-30 08:24:47',142),(1746,143,115,'2024-06-04 15:51:56',16),(1747,185,35,'2024-09-28 19:17:06',140),(1748,188,194,'2024-10-02 06:12:20',34),(1749,120,44,'2024-06-17 16:27:48',48),(1750,27,235,'2024-12-30 05:18:31',44),(1751,184,78,'2024-10-27 16:05:20',83),(1752,48,197,'2024-08-24 06:38:38',171),(1753,25,275,'2025-01-28 07:15:54',108),(1754,68,84,'2025-02-10 12:46:34',12),(1755,131,249,'2024-11-22 22:31:54',82),(1756,107,230,'2025-04-07 03:09:30',127),(1757,159,50,'2024-05-25 02:17:16',93),(1758,77,76,'2024-12-20 21:11:36',102),(1759,72,219,'2024-09-19 19:58:32',163),(1760,194,225,'2025-02-21 19:56:53',64),(1761,111,177,'2024-09-02 12:08:47',167),(1762,14,159,'2024-08-30 19:49:42',46),(1763,26,112,'2024-11-22 17:26:05',29),(1764,81,269,'2025-02-11 17:47:18',146),(1765,166,108,'2024-05-04 15:54:48',22),(1766,179,257,'2024-11-11 20:44:58',106),(1767,168,22,'2024-10-30 00:32:48',103),(1768,160,251,'2024-08-30 21:28:04',57),(1769,143,121,'2024-11-03 21:13:33',133),(1770,35,83,'2024-08-18 13:17:18',67),(1771,55,120,'2025-01-29 20:29:02',114),(1772,70,148,'2024-07-01 03:53:37',112),(1773,144,137,'2025-02-14 09:06:03',68),(1774,114,216,'2025-01-10 21:23:57',61),(1775,180,95,'2024-06-22 09:45:37',152),(1776,171,88,'2024-07-10 10:28:18',96),(1777,1,134,'2024-10-03 02:19:00',109),(1778,77,179,'2024-05-31 03:37:27',130),(1779,167,68,'2024-10-30 21:14:00',133),(1780,56,107,'2024-07-26 20:42:59',162),(1781,55,30,'2024-11-03 15:38:46',163),(1782,57,66,'2024-10-10 05:31:20',152),(1783,25,51,'2024-07-07 20:56:33',39),(1784,11,127,'2024-08-31 17:37:35',99),(1785,48,82,'2024-12-18 07:21:27',29),(1786,77,86,'2024-11-27 16:10:14',166),(1787,193,252,'2024-05-19 17:46:30',13),(1788,34,241,'2025-01-18 16:51:35',102),(1789,60,263,'2024-05-28 21:38:11',171),(1790,15,253,'2024-07-11 12:50:38',138),(1791,196,132,'2025-04-17 17:47:39',98),(1792,168,188,'2025-02-14 00:49:36',58),(1793,85,156,'2024-10-13 13:23:51',97),(1794,140,105,'2024-09-04 01:10:28',143),(1795,70,176,'2024-12-21 13:54:30',12),(1796,80,76,'2024-08-26 07:29:27',47),(1797,191,89,'2024-08-13 10:44:17',115),(1798,100,35,'2025-01-13 04:47:39',44),(1799,131,206,'2024-06-08 04:05:46',120),(1800,106,10,'2024-11-30 19:00:38',148),(1801,15,127,'2025-01-24 02:43:01',120),(1802,52,71,'2025-01-10 09:16:56',19),(1803,127,15,'2024-04-29 12:48:54',49),(1804,23,218,'2025-03-29 08:42:46',82),(1805,58,29,'2024-08-25 23:38:49',66),(1806,35,294,'2024-08-19 16:32:19',43),(1807,195,148,'2024-06-25 04:23:57',103),(1808,26,189,'2024-06-28 07:36:08',63),(1809,166,50,'2024-09-10 04:29:22',78),(1810,28,180,'2024-07-27 10:24:55',131),(1811,100,116,'2024-06-01 04:07:23',145),(1812,102,129,'2025-03-26 22:18:44',83),(1813,176,211,'2025-03-08 08:13:24',63),(1814,139,102,'2025-04-03 03:16:49',59),(1815,16,205,'2024-10-04 20:45:38',99),(1816,121,156,'2024-08-26 08:19:31',168),(1817,172,75,'2025-01-17 14:40:13',30),(1818,22,153,'2024-10-11 01:31:10',36),(1819,139,10,'2024-12-27 11:52:48',156),(1820,147,191,'2024-09-29 00:52:35',46),(1821,7,12,'2024-09-15 22:24:46',35),(1822,199,101,'2024-09-28 16:05:57',54),(1823,100,25,'2024-10-24 18:06:21',77),(1824,53,218,'2024-07-28 00:28:08',13),(1825,113,119,'2024-11-18 08:47:22',158),(1826,9,120,'2024-09-04 15:18:17',86),(1827,173,105,'2024-11-02 14:34:35',90),(1828,132,150,'2025-03-19 00:13:00',111),(1829,147,186,'2024-12-23 04:16:46',90),(1830,29,229,'2025-02-02 12:08:17',144),(1831,178,260,'2024-07-15 08:12:58',125),(1832,52,256,'2024-11-11 13:44:01',55),(1833,36,260,'2024-10-21 16:54:43',42),(1834,12,247,'2025-01-18 09:05:01',107),(1835,44,129,'2024-07-12 21:00:20',97),(1836,65,15,'2025-02-12 15:43:28',44),(1837,63,92,'2024-07-01 18:11:15',24),(1838,28,216,'2025-01-24 03:03:29',129),(1839,82,11,'2024-05-23 02:19:57',65),(1840,110,248,'2024-04-26 23:41:46',72),(1841,149,27,'2024-08-01 18:58:14',56),(1842,2,54,'2025-02-24 22:02:54',99),(1843,166,286,'2024-11-10 01:09:51',52),(1844,143,90,'2024-11-09 11:15:56',23),(1845,114,145,'2024-05-24 23:10:06',160),(1846,46,89,'2025-03-12 00:25:15',100),(1847,185,77,'2024-12-16 07:30:47',171),(1848,183,2,'2024-12-25 01:24:27',113),(1849,1,12,'2024-06-12 11:36:24',89),(1850,129,64,'2024-07-29 22:31:05',85),(1851,199,150,'2024-04-26 22:26:44',142),(1852,74,122,'2025-01-23 03:02:01',15),(1853,64,28,'2024-10-22 22:31:01',177),(1854,142,259,'2024-05-03 22:00:29',41),(1855,137,68,'2025-02-12 18:16:35',33),(1856,161,85,'2024-06-10 00:27:08',139),(1857,45,263,'2024-07-09 02:12:23',176),(1858,122,14,'2024-10-26 08:15:31',30),(1859,118,21,'2024-10-19 22:47:22',163),(1860,9,181,'2025-03-19 23:08:06',136),(1861,183,245,'2024-07-22 10:13:47',50),(1862,85,65,'2024-06-16 11:17:11',146),(1863,28,23,'2024-12-08 05:49:36',167),(1864,25,25,'2024-09-05 01:42:31',73),(1865,142,82,'2024-08-12 21:23:31',58),(1866,115,65,'2025-04-11 02:39:59',148),(1867,113,123,'2024-11-08 14:38:53',128),(1868,195,138,'2025-03-03 13:49:32',24),(1869,21,283,'2025-04-03 06:30:35',94),(1870,76,148,'2025-04-17 20:11:15',131),(1871,189,153,'2024-05-30 00:06:35',12),(1872,137,154,'2024-06-18 03:28:28',11),(1873,74,109,'2024-07-30 08:12:14',64),(1874,186,129,'2024-06-15 14:01:53',73),(1875,65,291,'2024-07-09 13:28:15',113),(1876,21,140,'2024-09-08 09:00:39',66),(1877,183,60,'2024-09-16 19:40:45',77),(1878,138,104,'2024-08-22 22:15:21',48),(1879,46,171,'2024-05-14 06:21:24',125),(1880,61,276,'2025-03-05 08:27:04',126),(1881,163,232,'2024-09-02 17:23:37',148),(1882,29,210,'2024-08-17 10:04:01',25),(1883,179,187,'2024-07-06 15:32:07',15),(1884,61,85,'2024-10-12 16:40:00',169),(1885,168,251,'2024-08-29 14:35:38',21),(1886,35,7,'2024-08-22 06:21:46',75),(1887,3,78,'2024-05-08 10:06:12',157),(1888,196,287,'2024-05-22 03:40:55',56),(1889,12,65,'2025-03-17 07:46:35',171),(1890,174,235,'2024-10-28 07:12:40',156),(1891,121,263,'2024-10-19 04:21:09',61),(1892,194,196,'2024-12-02 23:41:53',60),(1893,173,10,'2024-12-14 19:08:49',180),(1894,107,51,'2024-10-27 08:30:55',144),(1895,129,123,'2024-12-06 15:27:25',151),(1896,37,82,'2024-05-22 07:16:59',119),(1897,107,134,'2024-05-26 14:08:39',15),(1898,80,30,'2024-06-02 07:38:28',55),(1899,70,26,'2024-06-02 00:38:10',46),(1900,151,109,'2024-11-22 01:24:27',43),(1901,29,128,'2025-01-02 13:07:09',108),(1902,116,9,'2024-11-29 21:05:51',72),(1903,123,203,'2025-02-03 06:24:15',29),(1904,3,11,'2024-09-14 02:00:43',137),(1905,108,108,'2025-01-23 08:26:39',33),(1906,45,163,'2024-10-08 18:56:25',28),(1907,155,34,'2025-01-13 05:18:03',52),(1908,194,74,'2025-04-22 00:09:29',62),(1909,40,12,'2024-09-04 23:27:52',17),(1910,198,146,'2025-04-12 13:53:02',39),(1911,63,7,'2024-06-03 14:23:37',74),(1912,38,271,'2025-01-04 05:18:30',142),(1913,15,194,'2024-09-18 23:54:32',177),(1914,48,159,'2025-03-21 15:40:03',33),(1915,160,158,'2025-01-20 20:46:02',118),(1916,79,12,'2024-10-30 12:18:25',171),(1917,102,263,'2025-02-21 03:19:30',45),(1918,98,219,'2024-05-04 18:36:00',93),(1919,70,17,'2025-04-15 19:26:31',168),(1920,61,245,'2024-12-22 14:06:41',83),(1921,90,104,'2024-09-22 23:55:46',107),(1922,97,11,'2025-03-27 01:37:30',173),(1923,28,69,'2024-08-23 07:25:20',73),(1924,133,161,'2025-01-31 20:11:33',147),(1925,24,1,'2024-07-02 16:56:38',148),(1926,155,274,'2025-01-14 17:39:16',125),(1927,51,165,'2025-03-20 19:57:03',93),(1928,179,168,'2024-08-21 11:58:56',101),(1929,185,89,'2024-06-24 03:37:27',173),(1930,137,289,'2025-02-25 13:24:45',114),(1931,111,251,'2024-06-07 08:51:40',55),(1932,81,139,'2024-05-11 17:14:10',134),(1933,75,91,'2025-03-05 21:32:27',53),(1934,112,170,'2024-12-19 15:58:12',57),(1935,31,19,'2024-09-19 05:51:03',142),(1936,133,252,'2025-01-23 12:07:01',37),(1937,128,227,'2024-05-26 02:24:49',133),(1938,143,238,'2025-02-25 02:11:19',73),(1939,95,267,'2024-12-04 03:25:36',39),(1940,48,299,'2024-06-01 05:29:32',99),(1941,56,201,'2024-05-07 22:30:37',82),(1942,33,147,'2024-11-23 10:32:09',100),(1943,117,272,'2025-04-08 19:55:28',30),(1944,163,36,'2024-10-14 17:28:39',94),(1945,122,190,'2025-02-23 00:39:40',30),(1946,81,273,'2024-05-23 19:21:14',117),(1947,144,184,'2025-02-07 01:23:04',101),(1948,29,296,'2024-08-21 07:47:01',174),(1949,76,122,'2025-02-14 22:16:04',60),(1950,63,149,'2024-12-27 02:39:11',104),(1951,132,142,'2024-07-15 19:59:13',88),(1952,12,65,'2024-05-23 00:48:00',27),(1953,90,144,'2024-08-17 02:17:01',170),(1954,9,236,'2024-12-21 15:41:48',47),(1955,112,180,'2025-04-19 12:11:56',177),(1956,164,103,'2024-08-29 08:08:09',63),(1957,151,105,'2024-05-25 07:51:10',35),(1958,4,43,'2024-09-10 10:49:16',137),(1959,105,211,'2024-06-26 14:52:15',160),(1960,182,226,'2024-11-08 02:23:56',115),(1961,84,198,'2024-12-29 13:12:11',97),(1962,176,276,'2025-02-10 11:31:42',175),(1963,193,34,'2024-06-29 15:22:23',162),(1964,74,265,'2025-01-04 06:51:00',144),(1965,10,17,'2024-09-11 16:14:10',16),(1966,170,211,'2025-03-08 20:13:45',43),(1967,181,219,'2024-05-11 06:28:46',125),(1968,146,184,'2024-05-09 05:35:02',112),(1969,123,99,'2024-11-18 23:20:48',65),(1970,123,243,'2024-11-02 16:38:06',162),(1971,13,183,'2024-06-19 23:56:53',114),(1972,64,165,'2025-04-08 15:40:12',116),(1973,177,235,'2025-01-18 21:30:12',137),(1974,35,216,'2024-12-05 17:43:19',58),(1975,109,258,'2024-07-02 17:02:22',36),(1976,42,295,'2024-09-03 04:55:18',82),(1977,105,107,'2024-10-11 00:10:02',16),(1978,94,289,'2024-08-23 13:07:45',36),(1979,168,171,'2025-03-18 18:57:20',45),(1980,158,63,'2024-11-10 13:07:47',106),(1981,19,265,'2024-08-15 13:01:36',171),(1982,77,81,'2024-11-07 21:32:51',43),(1983,12,264,'2024-06-23 06:01:46',166),(1984,144,67,'2024-11-30 22:03:47',170),(1985,60,174,'2024-06-22 22:14:32',23),(1986,137,114,'2024-06-11 16:36:49',137),(1987,131,117,'2024-10-27 00:18:26',141),(1988,181,2,'2024-11-09 19:40:14',126),(1989,133,30,'2024-12-15 19:24:44',142),(1990,180,195,'2024-09-30 19:10:22',106),(1991,151,278,'2025-01-29 08:37:18',59),(1992,67,173,'2024-05-23 00:06:18',11),(1993,81,186,'2025-04-24 00:48:18',39),(1994,136,125,'2024-06-03 17:10:10',92),(1995,66,111,'2024-05-18 00:40:25',11),(1996,87,266,'2024-09-04 03:30:47',112),(1997,112,263,'2024-09-03 17:50:43',150),(1998,188,186,'2024-06-27 09:29:26',116),(1999,9,282,'2024-08-25 16:01:01',48),(2000,185,80,'2025-03-28 17:02:59',100);
/*!40000 ALTER TABLE `watch_history` ENABLE KEYS */;
/*!50003 SET @saved_cs_client      = @@character_set_client */ ;
/*!50003 SET @saved_cs_results     = @@character_set_results */ ;
/*!50003 SET @saved_col_connection = @@collation_connection */ ;
/*!50003 SET character_set_client  = utf8mb4 */ ;
/*!50003 SET character_set_results = utf8mb4 */ ;
/*!50003 SET collation_connection  = utf8mb4_unicode_ci */ ;
/*!50003 SET @saved_sql_mode       = @@sql_mode */ ;
/*!50003 SET sql_mode              = 'IGNORE_SPACE,ONLY_FULL_GROUP_BY,STRICT_TRANS_TABLES,NO_ZERO_IN_DATE,NO_ZERO_DATE,ERROR_FOR_DIVISION_BY_ZERO,NO_ENGINE_SUBSTITUTION' */ ;
DELIMITER ;;
/*!50003 CREATE*/ /*!50017 DEFINER=`root`@`localhost`*/ /*!50003 TRIGGER `log_watch_start` AFTER INSERT ON `watch_history` FOR EACH ROW INSERT INTO activity_log (user_id, movie_id, action)
VALUES (NEW.user_id, NEW.movie_id, 'Started watching') */;;
DELIMITER ;
/*!50003 SET sql_mode              = @saved_sql_mode */ ;
/*!50003 SET character_set_client  = @saved_cs_client */ ;
/*!50003 SET character_set_results = @saved_cs_results */ ;
/*!50003 SET collation_connection  = @saved_col_connection */ ;

--
-- Dumping routines for database 'movies'
--
/*!40103 SET TIME_ZONE=@OLD_TIME_ZONE */;

/*!40101 SET SQL_MODE=@OLD_SQL_MODE */;
/*!40014 SET FOREIGN_KEY_CHECKS=@OLD_FOREIGN_KEY_CHECKS */;
/*!40014 SET UNIQUE_CHECKS=@OLD_UNIQUE_CHECKS */;
/*!40101 SET CHARACTER_SET_CLIENT=@OLD_CHARACTER_SET_CLIENT */;
/*!40101 SET CHARACTER_SET_RESULTS=@OLD_CHARACTER_SET_RESULTS */;
/*!40101 SET COLLATION_CONNECTION=@OLD_COLLATION_CONNECTION */;
/*!40111 SET SQL_NOTES=@OLD_SQL_NOTES */;

-- Dump completed on 2025-04-24 16:38:46
