watch_id,user_id,movie_id,watch_date,duration_watched
1,122,40,2024-07-23 03:38:38,55
2,167,47,2025-01-17 11:40:03,136
3,82,23,2024-07-26 16:44:35,31
4,27,220,2024-05-22 12:26:21,67
5,97,202,2024-08-21 11:56:18,88
6,40,141,2025-02-24 03:06:37,48
7,177,246,2025-01-29 07:30:15,51
8,10,288,2024-07-18 13:57:32,137
9,166,229,2025-01-22 01:48:20,154
10,87,179,2024-12-19 06:27:37,174
11,42,129,2025-04-05 19:04:53,99
12,100,39,2025-03-28 12:47:44,129
13,174,227,2025-01-01 13:10:43,71
14,176,112,2024-05-19 06:06:18,138
15,46,162,2024-09-08 18:48:29,54
16,57,241,2024-10-19 21:28:28,141
17,157,231,2025-01-26 01:30:05,91
18,155,221,2025-03-22 16:07:06,24
19,19,138,2024-08-31 17:23:45,48
20,170,214,2024-06-02 13:52:56,174
21,179,109,2024-07-06 10:42:17,95
22,190,97,2024-07-07 07:38:49,52
23,11,180,2025-04-07 04:21:46,73
24,77,218,2024-10-30 17:16:05,154
25,128,106,2024-08-17 15:51:24,30
26,182,72,2025-02-18 17:04:31,58
27,175,29,2024-10-23 15:25:39,121
28,82,200,2024-05-13 21:23:29,117
29,26,267,2025-04-23 02:02:04,44
30,13,147,2024-09-05 11:15:20,82
31,92,199,2024-12-24 05:46:20,63
32,122,164,2024-07-14 18:32:08,76
33,151,282,2024-09-24 00:21:08,139
34,196,23,2025-03-31 06:44:21,173
35,187,290,2025-04-20 16:45:46,122
36,179,285,2024-11-24 17:24:17,157
37,8,292,2024-11-12 07:41:50,76
38,170,284,2025-02-10 19:24:52,63
39,37,253,2024-12-02 00:03:28,165
40,130,24,2024-06-27 12:17:55,143
41,53,194,2024-12-27 14:34:44,142
42,71,249,2025-01-25 21:47:56,165
43,6,97,2025-01-17 21:17:19,85
44,77,29,2024-08-30 19:02:31,123
45,89,55,2025-02-25 17:08:02,153
46,152,171,2024-11-03 00:55:50,178
47,10,132,2024-06-17 15:26:51,124
48,192,32,2024-04-29 18:00:26,62
49,135,252,2024-05-14 15:37:56,131
50,131,243,2025-02-22 10:07:07,130
51,160,74,2025-01-18 04:42:29,40
52,118,145,2025-04-21 05:47:03,117
53,154,237,2025-03-30 20:29:34,148
54,171,184,2024-09-15 12:49:53,60
55,9,27,2024-11-15 05:59:22,25
56,73,154,2024-08-24 04:01:54,98
57,65,294,2024-08-31 20:26:27,134
58,144,20,2024-06-25 11:57:57,87
59,100,100,2025-02-27 22:49:43,10
60,20,221,2024-10-30 01:47:22,134
61,171,11,2025-02-11 17:42:12,73
62,66,215,2025-03-06 20:08:26,107
63,91,117,2024-10-27 05:59:04,47
64,116,213,2024-12-28 08:10:31,24
65,128,161,2024-08-10 01:46:49,42
66,116,276,2024-06-29 13:40:24,110
67,128,67,2025-03-19 09:08:01,104
68,62,52,2025-02-08 22:46:45,83
69,179,191,2024-08-12 14:24:36,12
70,198,84,2024-08-06 03:21:49,159
71,147,254,2025-03-12 06:04:23,42
72,121,12,2024-08-26 21:12:25,162
73,137,41,2024-12-01 05:43:09,161
74,186,201,2024-07-23 07:43:13,15
75,184,190,2024-06-08 15:12:22,151
76,148,103,2024-10-01 23:50:33,106
77,46,185,2024-10-10 19:08:40,91
78,150,140,2024-05-13 14:53:05,78
79,192,33,2024-06-11 10:55:45,152
80,121,105,2024-10-13 22:05:53,46
81,142,19,2024-06-19 08:59:49,28
82,7,136,2024-05-07 05:35:57,11
83,104,199,2024-09-13 23:02:26,64
84,112,56,2024-10-29 00:56:45,128
85,30,92,2024-07-16 07:08:50,80
86,8,200,2024-08-17 05:05:28,143
87,80,51,2024-12-11 17:59:43,151
88,92,199,2024-06-19 14:59:39,143
89,152,216,2024-05-25 06:56:33,138
90,193,137,2024-06-06 09:12:30,28
91,75,298,2024-05-11 12:33:28,76
92,43,135,2024-12-11 10:43:30,61
93,121,297,2024-09-24 18:44:49,41
94,141,181,2024-05-14 01:27:10,65
95,160,191,2024-12-28 09:36:59,151
96,12,294,2024-12-09 12:19:56,74
97,88,280,2024-06-15 08:06:33,47
98,92,185,2025-02-01 21:39:51,16
99,126,164,2024-04-26 10:41:45,103
100,66,47,2025-02-01 21:20:13,104
101,26,157,2024-11-20 18:05:51,106
102,26,47,2024-09-28 05:22:31,70
103,135,195,2025-04-22 00:48:58,12
104,151,155,2024-09-08 03:53:20,128
105,117,7,2024-06-22 04:22:02,50
106,133,174,2024-12-21 06:00:30,69
107,122,193,2024-09-12 17:38:46,87
108,146,68,2024-05-06 12:17:31,136
109,38,80,2024-06-07 05:26:02,86
110,115,65,2024-11-25 16:47:53,120
111,4,120,2024-06-20 22:56:29,48
112,23,118,2025-04-12 22:54:23,55
113,123,85,2025-03-18 18:41:42,95
114,21,143,2024-08-15 17:49:46,68
115,188,121,2024-06-20 06:40:32,168
116,83,176,2025-04-12 04:30:53,87
117,62,101,2024-05-02 02:47:36,102
118,191,191,2024-12-03 15:32:38,88
119,135,281,2025-03-18 15:00:26,125
120,119,259,2024-10-30 17:23:32,147
121,136,135,2024-11-10 21:07:53,62
122,89,284,2024-06-27 16:44:05,178
123,143,296,2024-08-23 01:44:52,12
124,119,184,2025-04-06 13:06:23,57
125,52,212,2024-10-22 06:35:39,66
126,146,18,2024-06-10 12:54:47,83
127,121,242,2024-07-02 01:38:43,103
128,153,239,2024-07-10 06:45:35,176
129,199,113,2024-07-12 13:16:28,117
130,162,134,2025-02-19 02:03:19,56
131,18,171,2024-12-24 21:01:54,169
132,81,252,2025-01-25 01:23:36,88
133,108,247,2025-04-18 12:36:58,86
134,103,98,2024-06-21 09:32:26,103
135,135,265,2025-02-02 22:40:16,142
136,26,222,2024-12-23 00:31:07,48
137,149,238,2025-03-13 20:17:19,71
138,41,144,2024-12-23 17:50:42,175
139,187,291,2025-04-06 10:35:01,71
140,97,82,2024-08-08 05:10:22,158
141,79,254,2024-09-15 22:34:09,40
142,121,30,2024-06-29 00:22:00,99
143,106,6,2024-10-29 09:01:44,75
144,110,43,2024-08-26 22:21:48,21
145,177,245,2025-02-05 08:23:55,78
146,195,261,2024-12-14 15:37:55,147
147,7,138,2025-02-12 09:28:41,84
148,166,134,2024-06-06 11:27:47,155
149,92,171,2025-02-02 08:06:47,57
150,114,20,2024-08-09 08:13:38,64
151,127,196,2024-06-23 13:25:17,120
152,113,164,2024-11-04 06:50:34,137
153,40,220,2024-12-24 01:57:07,20
154,128,49,2024-11-22 22:59:57,81
155,99,246,2024-08-26 05:05:30,60
156,160,184,2024-06-16 15:20:15,33
157,151,270,2024-05-29 13:23:12,105
158,33,259,2024-12-08 14:17:36,114
159,25,68,2024-12-27 07:46:47,122
160,1,145,2024-06-05 07:35:25,19
161,121,261,2024-10-11 12:10:12,172
162,133,61,2025-03-18 14:07:11,43
163,38,165,2024-12-18 23:30:32,59
164,50,269,2024-11-10 12:30:30,89
165,159,26,2024-05-06 09:41:34,123
166,47,207,2024-09-19 20:44:42,114
167,144,199,2025-01-21 09:55:34,131
168,73,3,2025-02-13 05:46:52,167
169,24,226,2025-03-02 02:01:00,21
170,127,106,2024-07-19 09:05:45,22
171,2,152,2025-02-03 13:50:17,118
172,165,296,2025-03-31 08:33:07,16
173,5,62,2025-02-20 17:55:09,43
174,136,148,2024-07-15 19:03:59,76
175,113,52,2024-08-28 05:04:24,109
176,120,239,2025-04-12 08:44:56,69
177,47,10,2024-06-22 03:45:52,172
178,118,8,2025-01-20 07:46:22,144
179,60,213,2024-12-26 15:07:44,111
180,26,235,2024-09-10 02:14:19,161
181,6,296,2024-08-16 17:35:37,42
182,97,67,2024-09-03 06:42:15,11
183,103,253,2025-04-21 00:28:02,23
184,85,199,2024-08-04 06:33:05,107
185,80,14,2024-12-23 06:55:36,72
186,140,116,2024-07-08 15:35:17,156
187,148,300,2024-07-13 08:26:45,175
188,82,234,2024-05-22 16:29:36,78
189,167,34,2025-04-03 17:11:09,67
190,188,112,2024-09-25 09:39:03,116
191,71,119,2024-06-24 10:17:55,162
192,160,72,2025-03-12 08:58:27,35
193,117,65,2025-01-27 20:21:58,144
194,114,85,2024-08-26 14:36:38,106
195,140,29,2024-11-22 14:07:35,72
196,63,290,2024-07-17 12:13:56,93
197,167,252,2024-06-25 21:06:29,108
198,42,67,2024-05-14 03:50:45,13
199,137,199,2024-11-02 03:08:10,11
200,8,119,2024-08-16 16:10:54,68
201,36,297,2024-08-12 11:18:18,149
202,98,152,2025-02-17 18:13:39,18
203,166,33,2024-06-27 18:21:14,133
204,120,150,2024-12-11 23:01:34,161
205,92,297,2024-10-29 20:37:42,174
206,49,148,2024-08-11 15:07:47,33
207,154,153,2025-01-15 19:19:57,85
208,73,294,2024-10-30 18:27:47,168
209,48,25,2024-08-22 21:47:02,139
210,42,194,2024-08-18 14:03:47,134
211,149,81,2024-05-25 15:23:27,166
212,146,206,2025-03-11 01:48:02,40
213,32,200,2024-07-05 15:14:03,75
214,117,208,2025-02-15 13:10:35,153
215,95,80,2024-07-11 00:20:08,171
216,17,131,2025-01-26 02:46:47,149
217,154,52,2025-04-19 09:10:38,36
218,73,136,2025-02-07 20:19:18,57
219,179,193,2025-03-31 01:45:48,152
220,81,201,2025-02-21 17:00:18,37
221,139,282,2024-07-07 18:44:00,164
222,102,188,2024-07-23 04:57:48,17
223,20,8,2024-06-19 16:58:43,179
224,128,118,2025-01-27 05:27:34,79
225,110,27,2025-03-15 18:44:20,66
226,167,111,2024-09-19 18:42:59,27
227,138,158,2025-02-16 23:34:34,94
228,105,15,2024-06-07 16:55:30,127
229,127,291,2024-08-12 12:39:33,31
230,98,4,2024-06-14 23:30:50,18
231,54,65,2024-06-23 19:11:55,108
232,147,278,2024-08-02 23:31:24,152
233,66,229,2025-03-06 08:48:14,150
234,10,242,2024-07-28 13:16:40,139
235,59,207,2024-10-24 06:18:36,42
236,111,190,2024-11-18 05:10:02,177
237,137,180,2024-10-20 23:25:39,152
238,159,119,2025-01-27 10:07:36,48
239,118,135,2024-06-19 16:07:09,163
240,92,114,2025-01-21 00:51:28,69
241,32,61,2025-02-08 00:25:15,49
242,116,261,2024-07-15 17:26:07,125
243,195,151,2025-04-12 19:59:24,42
244,85,244,2024-05-28 22:42:24,177
245,166,65,2025-03-27 09:52:13,121
246,173,229,2024-12-18 18:14:40,34
247,51,139,2024-08-05 03:02:09,61
248,111,126,2024-11-25 21:54:22,123
249,107,32,2024-10-29 14:52:39,179
250,130,181,2025-04-02 22:09:53,70
251,9,199,2024-06-04 19:24:39,97
252,196,152,2024-12-04 08:37:09,73
253,61,28,2024-10-11 12:46:34,124
254,90,237,2025-02-26 03:33:48,105
255,166,213,2024-12-14 11:25:38,134
256,33,251,2024-10-01 21:16:35,153
257,41,42,2025-02-09 22:44:29,88
258,136,11,2024-08-14 16:26:22,19
259,192,242,2024-06-14 18:52:00,88
260,69,7,2024-08-01 01:48:18,70
261,169,85,2024-10-07 12:00:22,150
262,45,285,2024-09-28 04:02:41,69
263,21,238,2024-10-21 09:16:07,72
264,96,292,2024-08-28 07:58:08,65
265,16,33,2024-06-30 11:30:28,100
266,61,97,2024-10-26 08:30:21,106
267,32,211,2024-06-04 00:15:05,32
268,167,66,2024-07-27 13:33:25,175
269,50,99,2024-06-07 08:14:27,90
270,51,23,2025-03-30 22:02:24,36
271,49,252,2025-02-27 01:56:14,24
272,56,163,2025-01-30 22:16:24,158
273,104,92,2025-02-01 04:27:29,25
274,28,151,2024-05-22 01:48:33,74
275,15,199,2025-01-25 07:51:12,20
276,195,92,2024-12-11 03:48:17,70
277,106,226,2024-11-12 15:57:20,62
278,185,65,2025-02-18 00:43:36,58
279,97,21,2025-01-03 06:54:27,109
280,69,73,2024-07-16 15:52:57,96
281,21,263,2024-12-12 05:30:27,158
282,165,242,2025-01-13 01:37:37,76
283,8,282,2024-05-28 11:28:26,89
284,173,222,2024-06-08 20:57:57,141
285,140,26,2024-10-03 10:26:45,115
286,185,17,2024-10-20 04:11:34,158
287,90,180,2024-08-20 23:22:01,65
288,19,36,2024-05-05 20:21:20,170
289,198,94,2024-05-11 08:18:04,116
290,180,125,2025-01-03 06:38:40,155
291,123,195,2024-09-05 02:05:55,168
292,134,37,2024-11-08 18:07:03,99
293,92,253,2024-05-02 12:42:48,136
294,57,70,2024-12-19 20:40:48,20
295,108,219,2025-03-09 07:26:51,119
296,112,116,2024-08-31 00:44:30,75
297,155,138,2024-09-15 03:23:13,145
298,152,166,2025-01-15 19:17:53,37
299,176,119,2024-10-31 05:36:59,42
300,107,273,2024-06-20 05:25:49,86
301,11,82,2024-08-13 03:09:29,101
302,160,59,2025-01-10 17:16:04,39
303,154,85,2024-10-16 17:15:14,60
304,25,119,2024-09-08 01:34:12,58
305,28,47,2024-10-22 09:15:21,24
306,98,45,2024-09-16 17:49:13,16
307,195,64,2024-12-07 11:24:07,132
308,124,83,2024-10-11 12:43:24,66
309,65,77,2025-01-03 22:52:49,26
310,19,290,2025-03-04 15:14:43,72
311,156,280,2024-08-14 10:21:26,86
312,17,17,2024-06-21 05:20:11,86
313,171,293,2024-06-27 14:47:04,37
314,104,64,2024-06-08 03:43:27,31
315,137,102,2024-12-10 10:22:11,90
316,157,295,2024-05-14 13:57:47,118
317,123,77,2025-02-10 11:16:05,52
318,175,235,2025-02-17 12:35:38,114
319,96,109,2025-02-14 15:12:28,120
320,139,191,2025-01-22 15:33:21,21
321,102,204,2025-04-02 03:13:57,19
322,45,64,2024-10-08 20:26:13,125
323,68,190,2024-05-09 18:14:13,94
324,145,83,2024-09-06 22:47:03,123
325,38,98,2024-10-23 02:43:56,72
326,189,281,2024-11-04 07:45:27,40
327,168,127,2024-12-03 04:58:51,156
328,197,23,2024-08-05 14:11:41,53
329,134,211,2025-02-01 07:58:09,70
330,195,190,2024-12-02 15:45:02,135
331,69,12,2024-09-19 20:07:27,84
332,164,159,2024-12-11 09:33:59,25
333,61,290,2024-11-24 04:30:40,163
334,192,185,2024-07-15 06:08:58,50
335,22,82,2025-04-24 01:39:26,114
336,36,54,2024-06-19 22:13:24,18
337,150,24,2024-05-10 15:57:28,28
338,176,284,2024-10-08 22:16:48,118
339,39,172,2024-07-04 19:22:47,166
340,181,3,2024-09-07 08:48:56,67
341,27,117,2025-02-04 05:27:10,15
342,41,218,2025-04-22 15:10:00,155
343,193,1,2024-07-25 01:07:25,137
344,74,212,2024-10-12 08:00:26,82
345,146,148,2025-02-20 08:58:49,15
346,62,281,2025-03-07 22:32:42,162
347,34,236,2024-08-30 08:24:30,149
348,198,169,2024-12-06 06:42:10,62
349,170,22,2025-03-22 18:13:17,163
350,32,240,2025-01-06 16:18:34,25
351,77,130,2024-05-01 13:56:58,58
352,42,223,2024-07-08 08:17:48,128
353,33,238,2024-07-05 04:09:25,142
354,161,161,2025-03-20 09:28:08,66
355,122,102,2025-02-26 16:27:50,117
356,170,293,2025-01-17 01:30:38,125
357,162,40,2024-05-22 01:01:53,38
358,110,38,2024-09-18 03:09:48,83
359,83,199,2025-03-20 18:09:08,29
360,20,206,2025-04-19 03:38:01,35
361,32,137,2024-12-19 20:39:21,180
362,161,93,2024-12-14 04:39:55,160
363,146,101,2025-02-15 07:21:49,119
364,53,160,2024-08-14 20:43:04,67
365,131,254,2024-08-07 06:26:27,139
366,165,132,2025-01-04 13:51:35,135
367,58,211,2025-04-22 20:29:22,106
368,194,6,2024-05-18 14:54:47,53
369,20,203,2025-01-12 21:25:26,158
370,159,162,2025-03-12 11:26:39,26
371,8,105,2024-07-10 10:16:05,131
372,83,291,2025-04-09 02:28:39,11
373,48,169,2025-04-14 13:28:20,17
374,14,265,2025-01-22 15:34:51,117
375,50,140,2024-11-06 00:22:12,113
376,86,214,2025-01-28 15:21:49,38
377,127,268,2024-09-23 08:11:54,57
378,93,183,2024-10-28 18:01:31,44
379,160,176,2025-03-27 14:38:50,52
380,193,84,2025-03-19 14:52:50,149
381,86,150,2024-12-27 08:37:16,52
382,146,169,2024-07-21 14:50:22,176
383,32,215,2024-11-08 22:22:39,15
384,83,231,2024-11-08 22:57:05,180
385,61,94,2025-03-12 18:04:20,154
386,187,114,2024-04-26 17:36:24,17
387,146,195,2025-01-14 04:49:16,75
388,75,147,2024-07-11 10:38:18,89
389,149,24,2024-07-17 20:01:25,110
390,27,280,2024-06-08 12:18:38,22
391,17,63,2025-01-27 01:37:15,83
392,103,258,2024-05-27 11:38:54,151
393,138,297,2024-09-28 01:19:56,17
394,27,217,2024-11-18 14:26:09,50
395,140,71,2025-04-05 05:57:09,119
396,77,62,2024-11-06 16:11:43,172
397,166,231,2024-05-06 16:31:21,142
398,183,190,2025-04-03 21:02:27,138
399,80,184,2024-12-12 00:36:09,81
400,98,204,2025-04-03 14:07:55,58
401,198,273,2024-07-18 09:41:27,109
402,80,21,2024-08-18 00:36:29,125
403,47,266,2024-09-06 01:59:59,19
404,144,44,2025-04-08 00:47:02,149
405,142,113,2024-05-25 07:46:48,70
406,2,152,2024-10-19 18:17:14,124
407,161,17,2024-07-28 06:32:58,144
408,24,272,2024-07-09 04:54:46,98
409,130,226,2024-10-23 21:24:00,85
410,13,123,2024-06-06 12:59:44,75
411,198,272,2024-05-11 16:44:20,140
412,142,96,2024-06-09 01:39:22,158
413,105,57,2024-06-11 20:08:41,169
414,90,116,2024-11-09 04:36:06,140
415,155,192,2024-09-29 18:22:01,81
416,82,227,2024-06-28 16:04:15,93
417,53,85,2024-09-29 06:02:10,78
418,72,184,2024-08-27 02:06:06,70
419,100,159,2025-02-25 10:18:51,70
420,186,227,2024-12-16 08:18:08,158
421,5,8,2024-04-25 15:30:27,98
422,19,231,2025-03-02 08:49:41,31
423,75,18,2025-03-13 09:30:32,12
424,62,263,2024-06-20 22:11:19,41
425,48,70,2024-08-06 11:38:33,117
426,49,12,2024-06-10 07:34:49,159
427,111,209,2025-02-21 19:02:30,64
428,198,28,2025-03-11 02:45:42,137
429,46,88,2024-10-19 15:12:50,90
430,167,150,2024-09-03 14:55:21,77
431,80,277,2025-02-23 09:51:03,167
432,66,18,2024-12-09 18:42:27,31
433,149,146,2025-01-27 03:47:09,148
434,30,117,2024-04-25 11:43:45,127
435,51,158,2024-05-06 11:36:11,104
436,178,67,2024-09-17 23:23:47,107
437,56,244,2024-07-05 14:39:41,19
438,105,2,2024-10-30 23:33:14,135
439,7,159,2024-12-14 05:41:20,54
440,123,162,2024-06-11 08:04:58,112
441,55,30,2024-07-18 15:16:21,82
442,149,40,2024-10-07 20:28:40,18
443,157,176,2025-04-24 13:44:52,31
444,127,80,2024-11-08 12:06:04,41
445,60,126,2024-07-12 13:47:21,109
446,161,299,2024-10-10 02:14:16,24
447,175,120,2025-01-27 02:48:13,141
448,185,264,2024-04-27 13:39:13,153
449,115,7,2025-03-26 16:36:41,31
450,54,147,2025-03-08 19:40:21,73
451,23,153,2024-07-29 16:03:38,13
452,178,281,2025-03-17 18:27:28,46
453,126,99,2025-01-10 00:51:09,115
454,32,151,2024-11-13 23:25:12,37
455,56,64,2024-08-10 15:46:23,99
456,179,159,2024-09-10 06:55:44,105
457,90,38,2024-07-18 00:35:58,55
458,114,293,2025-02-06 08:32:23,13
459,170,294,2024-08-26 23:31:26,65
460,67,165,2024-11-30 12:29:58,51
461,177,237,2024-08-10 12:34:17,126
462,187,153,2024-10-29 02:23:28,41
463,156,112,2024-06-11 01:08:46,54
464,45,234,2024-12-23 15:58:39,171
465,174,98,2024-07-05 22:46:38,108
466,21,5,2024-08-25 18:36:55,94
467,134,93,2024-09-26 22:45:58,113
468,23,72,2024-06-17 01:03:34,126
469,159,146,2025-04-22 04:02:16,167
470,18,189,2025-03-10 01:09:17,21
471,125,18,2025-01-18 12:12:08,106
472,88,220,2024-08-10 15:14:13,41
473,85,66,2024-06-18 04:09:05,98
474,96,107,2024-09-06 22:12:54,115
475,171,4,2024-12-30 16:31:52,21
476,13,169,2024-07-28 01:20:54,20
477,72,114,2025-03-13 11:25:32,173
478,90,167,2024-06-24 18:23:21,90
479,62,11,2025-02-13 04:29:40,96
480,26,169,2024-09-20 07:38:21,161
481,59,205,2024-09-03 04:47:52,61
482,196,75,2024-07-28 16:48:06,61
483,159,276,2024-07-08 13:17:52,150
484,79,27,2024-05-24 12:18:00,102
485,166,256,2024-12-24 23:26:31,45
486,17,205,2025-04-04 04:59:09,160
487,143,256,2024-11-23 04:54:22,117
488,153,275,2024-12-21 07:13:06,110
489,104,195,2024-08-01 00:42:14,170
490,17,42,2025-03-22 21:31:41,11
491,145,91,2024-12-13 21:04:34,94
492,30,112,2024-08-15 09:36:10,84
493,200,272,2024-09-30 19:00:26,138
494,17,40,2024-11-09 14:51:10,26
495,70,189,2024-11-15 23:39:26,83
496,17,206,2025-04-05 08:28:17,127
497,180,286,2025-02-27 18:11:55,142
498,173,263,2024-10-16 16:00:51,136
499,165,98,2024-08-07 19:22:30,53
500,22,13,2024-06-08 05:31:24,39
501,181,275,2024-12-27 15:20:12,122
502,49,256,2024-06-18 01:22:41,15
503,96,198,2025-01-18 21:43:51,131
504,86,188,2024-09-20 04:06:35,78
505,116,150,2024-08-28 00:32:23,150
506,183,195,2024-10-26 03:49:16,127
507,12,291,2024-08-01 22:17:49,165
508,142,134,2025-03-22 19:52:07,114
509,159,77,2024-10-14 21:36:00,85
510,80,69,2024-12-19 16:34:13,114
511,55,89,2025-04-10 17:14:42,163
512,168,139,2024-10-12 15:01:17,15
513,41,60,2024-11-01 17:13:28,131
514,5,54,2024-05-24 14:02:51,158
515,67,1,2025-04-22 00:32:52,164
516,111,51,2024-11-19 11:49:11,118
517,43,250,2024-09-02 19:09:41,74
518,196,48,2025-03-23 11:12:20,32
519,133,162,2024-11-08 20:59:37,14
520,81,205,2024-05-01 04:30:50,139
521,168,152,2024-07-27 14:09:08,27
522,83,152,2024-07-12 18:49:36,95
523,100,193,2024-04-28 18:06:52,135
524,167,292,2024-07-12 21:17:06,39
525,49,151,2024-12-24 16:05:27,178
526,132,239,2024-07-25 12:50:50,72
527,86,88,2024-10-04 19:38:19,131
528,45,94,2024-05-18 17:10:25,32
529,100,13,2025-01-19 20:40:53,69
530,110,227,2025-03-22 11:00:27,122
531,73,42,2024-12-08 23:13:36,39
532,122,49,2024-04-27 12:01:34,26
533,155,26,2024-05-09 19:04:12,87
534,1,144,2024-08-17 09:35:38,151
535,150,81,2024-09-25 06:02:07,52
536,199,35,2025-03-13 01:06:27,11
537,76,13,2025-02-21 22:42:25,173
538,131,242,2024-11-03 08:21:52,170
539,7,145,2024-06-28 02:34:05,25
540,25,104,2025-02-16 10:21:51,32
541,53,216,2024-09-10 19:39:16,132
542,88,285,2024-08-12 04:59:36,39
543,147,97,2025-01-24 10:28:46,35
544,152,181,2024-07-09 22:54:41,178
545,185,176,2024-08-18 08:57:10,106
546,62,27,2024-08-11 20:34:57,30
547,145,91,2024-07-10 19:56:30,122
548,139,200,2024-07-15 12:35:29,55
549,161,245,2025-04-05 12:42:22,110
550,187,78,2025-01-16 11:34:48,45
551,187,153,2025-03-16 12:22:52,93
552,180,49,2025-03-31 03:10:23,77
553,111,55,2024-10-28 00:17:27,36
554,20,58,2024-09-19 03:00:06,37
555,53,59,2024-06-19 03:37:51,144
556,61,53,2024-08-13 15:24:34,75
557,61,19,2024-12-11 06:47:10,122
558,70,279,2024-07-08 16:33:54,29
559,187,208,2025-02-03 14:27:34,106
560,142,246,2024-08-23 21:08:18,100
561,114,252,2024-08-26 05:59:25,34
562,104,245,2024-12-02 11:35:30,119
563,80,231,2024-11-19 12:33:53,24
564,179,186,2024-07-23 18:27:13,90
565,163,46,2025-03-04 08:02:30,11
566,177,273,2025-02-11 05:05:33,78
567,24,88,2024-05-04 14:36:54,165
568,40,108,2025-03-06 22:52:52,76
569,169,200,2024-11-13 14:28:48,116
570,157,22,2024-12-20 03:50:17,170
571,62,170,2024-05-21 13:26:36,60
572,18,253,2024-06-25 17:04:31,23
573,119,265,2024-05-02 23:26:09,45
574,85,191,2024-10-19 02:07:21,146
575,77,158,2024-09-16 05:53:33,56
576,48,25,2025-02-06 03:41:06,71
577,152,5,2025-02-10 11:16:59,145
578,53,138,2025-03-19 13:36:24,15
579,129,201,2025-04-14 07:59:00,25
580,57,103,2025-01-07 20:25:06,130
581,134,106,2025-01-19 14:24:49,118
582,112,255,2025-01-08 00:51:43,73
583,110,181,2024-04-27 13:52:42,164
584,34,74,2025-04-08 10:03:17,42
585,77,44,2025-01-18 13:09:48,98
586,5,22,2024-08-12 09:21:33,15
587,38,58,2024-09-18 00:21:55,105
588,141,29,2025-03-05 00:46:27,30
589,167,255,2025-01-22 10:29:47,169
590,189,47,2024-11-01 11:18:53,31
591,144,139,2024-10-21 12:57:09,12
592,89,83,2024-08-16 07:29:39,90
593,121,175,2024-09-19 18:22:04,139
594,106,205,2024-12-03 03:32:56,35
595,89,273,2024-11-24 06:38:32,157
596,89,278,2024-04-30 14:07:18,69
597,150,87,2025-01-12 09:56:14,128
598,120,148,2024-04-30 19:33:00,121
599,19,249,2025-03-12 12:02:46,29
600,58,214,2024-04-29 01:37:33,148
601,49,231,2024-09-22 02:30:06,18
602,179,7,2024-06-25 23:55:55,157
603,161,237,2024-05-08 21:18:09,165
604,173,35,2024-07-15 14:10:30,119
605,193,228,2024-06-12 20:30:57,103
606,35,11,2025-01-14 01:56:07,30
607,147,167,2025-04-19 19:39:31,73
608,163,262,2025-01-03 20:02:20,175
609,93,239,2024-05-05 09:50:52,31
610,31,75,2024-09-29 11:10:12,135
611,141,24,2024-12-17 07:29:51,150
612,148,212,2024-11-07 13:47:49,72
613,99,75,2024-06-23 20:50:47,59
614,39,37,2025-03-29 19:21:21,37
615,9,46,2024-06-10 04:07:58,153
616,176,150,2024-05-23 09:22:17,169
617,70,71,2025-03-05 00:19:51,94
618,20,22,2024-09-14 14:33:52,106
619,82,69,2025-01-14 23:49:49,41
620,24,280,2025-04-08 19:44:53,131
621,102,49,2024-06-01 17:01:32,34
622,121,95,2024-05-29 08:30:44,175
623,189,203,2025-02-04 14:55:36,80
624,76,22,2025-03-19 02:52:58,112
625,56,286,2025-02-01 20:12:40,138
626,187,176,2025-04-15 17:14:53,25
627,133,29,2024-11-17 03:22:41,53
628,126,278,2024-11-08 04:11:40,166
629,180,77,2024-04-28 12:25:21,91
630,52,26,2025-02-28 22:47:31,85
631,73,15,2024-07-17 19:00:26,103
632,173,139,2024-07-05 01:22:39,129
633,149,65,2024-12-07 20:29:29,73
634,31,263,2024-10-13 11:46:42,57
635,159,194,2024-06-21 06:02:34,139
636,110,63,2024-08-15 01:21:22,42
637,187,265,2025-01-27 22:08:13,47
638,127,20,2025-04-22 13:38:05,98
639,52,42,2025-03-04 17:23:22,74
640,177,294,2024-06-06 17:23:13,84
641,127,133,2024-10-16 00:53:19,102
642,23,17,2025-01-26 19:32:55,53
643,113,15,2024-06-20 04:41:03,97
644,189,34,2024-06-28 08:56:46,110
645,4,37,2024-06-15 08:50:08,117
646,109,162,2024-09-17 07:10:03,89
647,84,130,2024-10-14 23:05:12,65
648,181,55,2024-12-20 06:35:09,174
649,57,209,2024-11-13 13:19:37,37
650,175,275,2024-10-11 23:21:04,25
651,56,79,2024-08-09 10:06:35,31
652,200,233,2024-09-22 08:24:33,118
653,77,41,2024-07-27 06:04:49,19
654,1,2,2024-11-17 05:02:33,111
655,77,147,2024-06-30 23:24:41,74
656,91,9,2024-06-29 08:41:54,170
657,29,226,2024-08-25 11:46:26,78
658,99,87,2024-10-05 09:40:42,120
659,106,235,2024-10-24 22:17:04,148
660,37,95,2025-02-05 20:11:06,94
661,194,210,2024-04-28 15:55:30,99
662,139,4,2024-06-17 03:43:02,33
663,98,78,2025-03-31 08:50:08,66
664,1,133,2024-10-01 01:05:27,170
665,65,270,2024-12-19 05:41:28,10
666,104,214,2025-01-12 01:18:09,62
667,176,238,2025-02-17 15:02:14,91
668,11,102,2024-08-03 02:32:20,59
669,6,173,2024-06-03 14:27:47,54
670,184,27,2024-08-28 23:56:15,180
671,150,188,2024-12-21 01:43:46,114
672,166,247,2025-02-24 02:27:23,122
673,71,226,2024-04-27 18:15:23,128
674,132,260,2024-06-20 20:22:07,120
675,23,219,2024-12-16 14:25:00,51
676,160,99,2024-09-15 12:17:38,98
677,125,135,2024-11-05 23:45:49,119
678,11,11,2024-10-24 23:18:48,155
679,16,133,2024-08-28 08:27:46,118
680,27,19,2024-08-30 17:29:13,41
681,146,292,2024-06-14 04:10:10,138
682,27,164,2024-06-24 05:58:59,133
683,115,99,2024-04-30 12:58:51,39
684,161,265,2025-01-10 10:47:30,110
685,51,1,2025-02-11 09:12:18,148
686,15,35,2024-06-16 15:26:41,129
687,88,108,2024-06-02 10:21:50,44
688,101,137,2024-11-03 04:31:56,112
689,18,13,2024-12-15 16:29:55,97
690,49,149,2024-12-03 12:41:08,61
691,39,189,2024-10-11 03:14:59,31
692,76,295,2025-04-07 05:39:53,80
693,76,269,2024-09-30 17:51:23,130
694,87,211,2025-04-09 01:49:37,179
695,26,200,2024-11-24 20:09:51,56
696,180,191,2024-07-12 04:37:36,114
697,12,134,2025-01-03 16:30:31,139
698,185,47,2024-10-24 11:15:05,122
699,115,123,2024-07-12 08:51:22,178
700,76,54,2024-12-12 09:39:08,79
701,102,81,2024-10-18 05:05:55,32
702,190,186,2025-01-18 07:24:27,137
703,30,79,2025-04-22 05:25:45,25
704,63,167,2024-07-06 15:18:43,118
705,73,125,2024-12-07 18:33:23,25
706,26,86,2024-09-18 00:13:42,144
707,71,81,2024-07-17 03:24:48,81
708,28,32,2024-05-07 01:17:46,18
709,13,68,2025-02-05 09:15:08,138
710,170,278,2025-02-07 02:06:32,127
711,91,219,2025-04-22 09:10:21,26
712,37,215,2024-11-06 06:16:14,132
713,15,157,2024-07-01 11:05:01,128
714,22,263,2024-10-19 10:22:41,110
715,123,226,2024-07-04 06:35:33,71
716,126,38,2024-06-17 04:49:04,97
717,121,189,2024-10-09 16:28:35,124
718,165,45,2025-01-21 16:47:08,102
719,64,190,2024-11-02 10:20:59,159
720,105,102,2024-11-29 11:31:49,32
721,158,114,2024-04-25 02:17:38,126
722,10,52,2024-11-22 17:00:09,90
723,133,112,2024-10-17 08:59:36,114
724,49,87,2024-08-18 10:17:04,63
725,14,120,2024-09-04 17:57:51,66
726,106,89,2025-02-24 17:33:36,121
727,185,189,2024-07-19 03:05:27,30
728,155,215,2025-03-01 02:22:50,54
729,60,33,2024-10-29 16:42:31,121
730,69,186,2025-01-03 01:16:57,165
731,36,174,2024-10-20 05:25:59,57
732,178,142,2025-01-11 04:32:38,73
733,111,86,2025-03-03 17:21:00,52
734,144,256,2024-07-11 12:54:01,94
735,167,139,2024-11-22 04:11:35,16
736,106,85,2024-12-13 13:11:53,143
737,121,17,2024-08-26 03:54:35,92
738,93,37,2024-12-20 11:27:30,79
739,145,48,2024-09-02 15:11:21,31
740,27,267,2025-03-10 02:24:24,102
741,33,147,2024-06-28 09:59:16,72
742,140,85,2025-04-14 08:16:41,70
743,142,17,2024-08-03 03:04:25,125
744,158,165,2024-08-10 17:17:33,83
745,103,183,2025-01-01 07:32:18,24
746,37,254,2025-03-14 03:50:20,178
747,35,114,2024-09-22 03:14:13,51
748,55,26,2024-05-15 11:43:58,84
749,172,138,2024-08-09 18:40:13,91
750,118,299,2024-09-26 05:51:04,177
751,30,161,2024-09-07 22:39:55,19
752,93,60,2024-05-18 21:53:13,80
753,10,109,2025-03-22 21:07:39,143
754,125,40,2025-02-10 21:16:20,77
755,116,233,2025-02-17 21:57:20,17
756,41,3,2025-02-01 16:14:19,76
757,57,118,2024-07-18 19:07:27,133
758,128,128,2025-01-05 20:37:58,92
759,1,35,2024-09-26 21:10:07,128
760,96,75,2024-11-18 16:30:39,154
761,150,232,2024-10-19 11:56:41,16
762,47,24,2024-08-19 13:09:05,113
763,102,293,2024-08-26 00:03:54,46
764,118,64,2024-09-24 09:30:29,84
765,57,73,2024-12-13 23:00:11,96
766,83,119,2024-10-20 06:03:28,141
767,185,119,2024-07-04 01:48:42,89
768,166,90,2024-06-06 17:49:51,16
769,181,137,2024-10-14 04:37:37,59
770,173,144,2024-07-22 00:19:18,82
771,31,112,2024-12-07 08:07:06,119
772,149,254,2025-01-04 02:53:28,176
773,10,262,2024-08-23 22:17:09,24
774,88,125,2024-05-13 11:12:45,96
775,18,223,2024-04-26 14:14:36,41
776,114,262,2025-02-14 07:17:33,27
777,5,269,2025-02-22 15:21:43,144
778,62,156,2024-08-15 23:18:01,59
779,4,56,2024-10-09 23:17:34,139
780,92,141,2024-11-28 20:24:59,57
781,168,298,2024-12-02 19:19:13,23
782,35,283,2024-10-25 15:42:24,109
783,171,68,2025-04-17 04:30:47,142
784,97,31,2025-01-15 05:45:01,16
785,119,221,2024-09-05 11:14:14,128
786,68,113,2025-02-14 19:13:44,65
787,17,173,2024-06-29 05:18:54,92
788,67,151,2025-04-15 09:45:12,14
789,1,262,2024-11-25 21:44:36,19
790,72,93,2025-01-29 18:42:50,147
791,141,101,2024-06-14 03:38:12,67
792,45,249,2024-08-27 12:42:06,109
793,78,105,2025-04-08 06:48:39,166
794,77,84,2025-01-09 06:54:56,144
795,106,183,2025-03-23 20:28:15,173
796,127,160,2024-12-30 05:38:46,72
797,51,53,2024-10-17 11:38:15,177
798,199,156,2024-12-22 02:17:57,138
799,148,223,2025-03-31 16:50:18,140
800,75,147,2024-05-03 16:24:54,123
801,80,124,2024-07-04 00:34:42,135
802,166,20,2024-12-08 05:50:10,114
803,130,10,2025-02-06 23:23:24,162
804,174,272,2024-06-28 02:43:10,27
805,87,161,2025-02-17 10:46:43,78
806,59,294,2024-05-15 09:44:12,86
807,118,256,2024-11-24 21:03:59,57
808,68,100,2024-05-25 15:29:46,180
809,184,64,2024-11-03 10:22:19,14
810,47,195,2024-11-28 23:28:01,69
811,107,55,2024-08-29 12:41:27,151
812,183,181,2024-05-23 22:05:12,144
813,136,98,2024-06-11 19:50:07,52
814,151,116,2024-07-16 04:32:26,150
815,21,50,2024-06-15 02:24:47,144
816,196,248,2024-08-29 11:03:36,49
817,160,122,2024-07-10 08:45:53,25
818,91,116,2024-08-22 06:59:21,153
819,184,107,2025-03-26 16:32:15,77
820,188,247,2025-04-22 15:15:47,173
821,131,159,2025-04-06 23:55:09,100
822,25,77,2024-12-31 12:15:05,127
823,131,257,2024-10-21 20:38:58,158
824,159,135,2025-04-01 04:39:56,23
825,130,177,2024-10-02 07:00:13,148
826,34,235,2024-07-04 05:10:10,50
827,94,238,2024-08-20 21:05:15,159
828,119,257,2024-06-26 07:57:50,171
829,117,137,2025-03-17 10:03:11,23
830,153,99,2024-10-15 12:20:32,155
831,125,157,2024-11-18 21:06:02,144
832,133,81,2025-01-04 18:17:30,176
833,157,65,2024-05-20 22:16:00,24
834,106,180,2025-04-22 12:34:20,95
835,184,73,2024-09-01 11:43:07,15
836,35,130,2024-06-27 23:57:51,26
837,34,7,2024-12-26 20:21:48,123
838,13,265,2024-08-13 09:11:01,145
839,61,178,2024-09-14 14:08:31,154
840,70,50,2025-02-17 20:11:32,95
841,91,139,2024-12-11 22:59:12,43
842,42,261,2024-05-25 16:01:51,25
843,31,128,2024-10-28 07:46:54,48
844,27,205,2024-06-04 21:37:25,65
845,179,64,2025-03-16 00:05:02,22
846,85,255,2024-06-01 00:18:54,164
847,37,285,2024-12-12 20:26:54,112
848,23,42,2024-11-07 07:30:54,112
849,183,65,2024-05-06 15:38:48,57
850,18,207,2024-11-19 18:36:05,161
851,165,260,2025-01-01 13:04:10,150
852,23,99,2024-12-04 22:44:57,129
853,8,144,2025-02-21 18:37:07,62
854,195,256,2024-06-07 20:12:55,122
855,65,100,2024-05-04 02:12:54,35
856,137,111,2025-02-07 14:17:59,17
857,136,236,2024-08-21 16:50:51,82
858,135,295,2024-09-30 13:59:44,153
859,129,249,2024-07-16 13:53:37,25
860,157,51,2025-01-29 04:57:16,165
861,181,31,2024-05-07 00:23:48,44
862,114,298,2024-07-25 08:15:26,45
863,87,6,2024-10-25 00:47:32,77
864,52,230,2024-07-21 18:51:50,102
865,170,103,2025-03-13 16:29:21,62
866,137,293,2024-12-28 23:45:33,79
867,137,246,2025-04-11 14:21:00,92
868,87,66,2024-12-10 01:16:10,29
869,183,151,2025-03-09 10:13:43,34
870,18,12,2025-04-19 19:31:22,74
871,23,24,2024-06-21 19:03:26,133
872,62,130,2024-07-21 18:13:05,141
873,134,187,2025-01-08 19:42:51,31
874,31,69,2024-08-20 04:18:31,112
875,87,52,2025-03-24 01:05:28,22
876,16,160,2024-12-29 04:17:03,167
877,95,277,2025-02-21 10:57:09,120
878,179,237,2024-06-21 22:04:48,127
879,169,81,2024-10-10 12:18:40,144
880,16,230,2025-01-12 21:19:52,158
881,184,218,2024-05-22 20:06:27,113
882,181,212,2024-11-16 17:02:02,142
883,31,217,2024-07-10 00:18:10,78
884,48,48,2024-12-14 08:13:26,101
885,178,93,2025-03-04 12:31:05,111
886,1,187,2024-07-22 11:52:02,148
887,158,209,2024-09-24 13:37:50,179
888,47,184,2024-10-14 18:24:19,147
889,159,101,2024-05-03 00:23:16,100
890,146,51,2024-06-13 22:14:25,133
891,182,273,2024-08-30 22:26:24,106
892,174,92,2025-03-20 14:04:41,65
893,117,265,2024-09-30 05:17:47,117
894,4,183,2024-11-11 04:18:53,161
895,162,177,2025-03-05 13:45:16,48
896,101,124,2025-01-23 22:07:09,18
897,80,246,2025-03-18 22:15:26,94
898,64,291,2024-06-04 14:37:37,16
899,66,131,2024-09-29 05:52:07,91
900,187,249,2024-08-31 03:53:13,120
901,87,156,2025-03-02 09:27:00,156
902,148,143,2025-03-05 08:57:59,99
903,116,142,2025-02-10 10:11:15,150
904,50,234,2024-06-10 18:53:35,139
905,127,63,2025-02-06 00:45:17,74
906,22,36,2024-05-11 18:56:27,21
907,106,25,2024-11-07 14:11:21,112
908,107,246,2025-03-27 12:19:57,91
909,68,186,2024-06-19 14:14:48,83
910,6,133,2025-04-14 01:07:00,149
911,26,298,2024-12-03 01:09:07,65
912,118,45,2024-05-19 00:43:04,121
913,28,111,2024-09-13 12:15:55,170
914,78,259,2024-07-08 02:15:15,37
915,24,117,2025-01-29 01:26:11,26
916,158,20,2024-10-09 10:52:45,33
917,180,243,2024-05-31 04:49:39,154
918,179,166,2024-06-02 10:17:53,14
919,38,150,2024-06-18 07:05:17,125
920,164,111,2024-06-08 18:09:00,120
921,2,286,2024-06-17 10:50:53,154
922,45,119,2024-12-15 05:03:22,176
923,140,294,2024-05-01 00:45:53,74
924,96,200,2024-12-07 22:38:23,163
925,191,88,2024-10-22 19:58:30,87
926,149,144,2024-10-14 00:07:54,112
927,136,38,2024-10-23 20:16:40,167
928,120,282,2025-03-08 03:14:38,160
929,141,298,2024-10-08 21:54:25,137
930,39,203,2024-04-25 23:52:47,163
931,160,190,2025-02-02 18:37:01,173
932,137,265,2025-04-09 14:44:10,177
933,167,6,2025-03-08 19:10:06,57
934,86,112,2025-03-29 14:52:02,166
935,169,292,2024-11-26 13:16:41,152
936,19,68,2024-07-09 07:28:57,154
937,199,251,2024-08-13 18:31:11,114
938,67,186,2024-07-15 23:52:07,32
939,92,225,2024-09-05 01:32:18,38
940,105,236,2024-08-17 21:36:52,177
941,184,46,2025-01-12 01:49:41,87
942,95,176,2024-10-03 14:30:19,169
943,62,95,2024-06-03 20:29:30,32
944,48,33,2024-12-26 02:26:08,138
945,65,234,2024-07-04 04:36:27,103
946,182,192,2025-03-03 04:18:28,173
947,69,221,2025-01-19 12:22:18,176
948,7,260,2024-06-03 16:06:06,83
949,97,145,2024-05-26 13:07:01,133
950,42,255,2024-08-01 02:45:41,82
951,122,165,2024-10-02 17:12:28,19
952,1,34,2024-08-13 13:30:40,24
953,32,214,2025-04-04 12:56:06,28
954,94,296,2024-10-16 19:44:09,42
955,81,187,2025-02-22 17:56:06,154
956,97,27,2025-01-20 23:48:15,132
957,90,262,2025-03-06 02:16:13,72
958,190,160,2024-05-22 18:50:58,120
959,89,136,2025-01-25 02:20:23,97
960,33,92,2024-09-04 23:30:02,19
961,162,263,2024-11-03 19:45:19,126
962,175,133,2024-06-12 08:41:34,179
963,120,178,2024-04-28 12:09:21,65
964,118,26,2025-04-08 12:15:14,159
965,189,182,2025-03-05 13:13:00,62
966,65,43,2025-04-06 17:24:40,88
967,136,36,2025-02-14 08:48:39,72
968,103,7,2024-06-23 10:26:55,127
969,21,117,2024-04-30 15:34:28,65
970,149,111,2024-10-05 03:57:50,62
971,21,267,2025-02-05 06:10:37,23
972,102,132,2025-02-12 19:45:55,35
973,166,200,2024-10-28 12:50:56,11
974,34,121,2024-11-18 16:42:01,172
975,2,194,2024-09-19 08:17:28,21
976,184,277,2024-05-30 01:02:58,57
977,148,74,2024-06-26 23:20:33,66
978,126,105,2024-09-18 15:44:06,38
979,137,77,2024-05-26 09:41:12,166
980,175,151,2024-09-24 06:12:11,28
981,169,290,2025-01-03 22:45:51,59
982,33,14,2024-12-09 05:04:11,163
983,17,156,2025-04-08 08:32:32,68
984,124,86,2024-11-07 16:29:49,177
985,102,146,2024-09-15 16:44:31,27
986,138,154,2024-05-26 09:53:14,177
987,20,12,2024-11-12 03:29:03,33
988,194,94,2025-04-08 13:42:24,25
989,37,197,2025-01-29 01:30:47,35
990,77,229,2024-09-15 11:24:11,173
991,126,293,2024-05-29 01:35:07,74
992,2,85,2024-10-13 06:57:38,104
993,168,88,2024-08-17 08:44:32,165
994,175,28,2025-03-17 16:58:07,134
995,72,285,2024-08-29 00:44:40,143
996,51,154,2025-01-24 20:48:24,85
997,150,279,2024-09-02 20:02:55,125
998,4,213,2025-03-25 01:37:40,55
999,92,95,2024-11-27 11:03:12,30
1000,68,262,2024-08-14 20:19:38,154
1001,64,263,2025-04-14 13:32:33,56
1002,32,193,2024-06-16 08:10:00,36
1003,153,180,2024-12-07 12:17:40,151
1004,79,138,2024-10-31 23:27:15,51
1005,61,257,2024-04-24 22:58:07,158
1006,53,44,2024-05-26 10:34:04,137
1007,64,12,2025-02-15 22:05:43,150
1008,3,157,2025-03-21 08:54:02,52
1009,1,284,2024-12-28 18:33:31,33
1010,9,224,2024-12-04 13:02:45,163
1011,44,13,2024-12-19 20:14:19,24
1012,3,44,2025-02-16 21:38:18,61
1013,158,28,2024-12-11 02:24:16,50
1014,18,234,2024-09-04 06:17:32,129
1015,41,210,2025-02-01 04:13:00,171
1016,55,282,2024-12-06 17:31:36,72
1017,145,166,2025-02-24 20:39:13,99
1018,162,162,2024-06-18 13:14:55,82
1019,105,254,2024-10-24 12:53:34,89
1020,108,84,2025-02-12 10:06:04,180
1021,160,216,2024-10-19 04:55:43,61
1022,8,253,2024-12-10 16:01:41,75
1023,134,179,2025-02-09 00:42:46,85
1024,150,158,2024-06-18 04:28:14,124
1025,130,242,2025-02-13 06:53:28,67
1026,80,164,2025-03-10 23:33:00,73
1027,36,187,2024-12-08 22:29:34,108
1028,125,114,2024-09-05 00:25:18,20
1029,117,96,2024-11-28 15:33:28,80
1030,179,48,2025-02-06 04:23:23,129
1031,160,207,2024-06-28 09:39:31,156
1032,107,173,2024-11-17 02:20:11,26
1033,182,98,2025-03-27 17:15:08,37
1034,166,298,2024-09-04 10:23:50,144
1035,173,299,2025-02-16 20:09:37,101
1036,107,146,2024-08-23 17:46:06,103
1037,103,21,2024-11-27 19:13:58,101
1038,118,65,2025-03-16 11:06:08,111
1039,184,178,2024-07-07 21:28:43,16
1040,103,38,2024-07-06 11:43:26,149
1041,191,3,2025-01-10 05:11:49,165
1042,157,19,2024-08-12 02:46:02,23
1043,179,225,2024-12-23 10:47:46,146
1044,114,196,2024-08-06 02:12:43,48
1045,46,81,2024-08-23 19:00:06,106
1046,65,27,2024-07-20 16:40:28,33
1047,56,25,2024-06-22 20:51:34,145
1048,43,183,2025-02-23 19:59:07,141
1049,3,233,2024-12-23 04:17:38,170
1050,13,269,2025-01-08 12:23:52,11
1051,9,20,2025-04-01 08:06:42,76
1052,192,108,2025-04-15 07:17:22,72
1053,172,181,2025-04-17 04:55:03,56
1054,10,5,2025-03-22 00:13:10,19
1055,139,64,2024-09-05 18:50:24,63
1056,159,292,2025-01-13 13:09:16,18
1057,136,38,2025-01-17 20:40:37,47
1058,50,43,2024-05-07 17:55:33,147
1059,125,187,2024-12-07 00:02:12,145
1060,12,34,2024-10-24 13:23:10,90
1061,127,143,2025-04-14 08:25:52,172
1062,58,238,2024-12-23 21:49:01,129
1063,38,186,2024-09-11 01:53:33,112
1064,15,262,2025-02-14 20:15:30,45
1065,2,62,2024-09-06 04:31:39,19
1066,18,170,2024-10-29 03:19:26,165
1067,173,121,2024-07-12 21:30:44,177
1068,6,202,2024-07-24 04:19:08,98
1069,130,249,2025-01-05 17:02:22,28
1070,146,228,2024-10-05 04:49:41,145
1071,192,131,2025-04-07 03:03:11,122
1072,69,159,2025-04-20 05:41:07,151
1073,184,49,2024-08-21 11:40:04,129
1074,197,236,2025-02-24 00:59:38,134
1075,128,217,2025-04-09 18:45:11,74
1076,47,117,2024-05-07 23:12:53,30
1077,162,290,2025-04-05 03:13:57,50
1078,29,240,2024-05-07 14:13:41,139
1079,199,276,2025-01-17 14:17:28,162
1080,170,179,2024-11-20 21:37:56,156
1081,88,48,2025-02-10 01:21:13,151
1082,114,180,2025-02-17 11:18:38,84
1083,163,158,2024-06-20 10:10:00,149
1084,21,188,2025-02-22 04:18:34,178
1085,80,225,2024-05-07 12:48:15,134
1086,47,214,2025-02-17 21:07:31,24
1087,70,158,2024-06-11 08:49:19,27
1088,74,53,2024-09-27 20:24:06,94
1089,91,245,2025-03-16 06:18:28,115
1090,110,236,2025-02-15 06:44:55,14
1091,120,239,2024-08-01 05:39:51,27
1092,58,158,2025-02-07 15:32:42,25
1093,142,84,2024-07-29 19:15:48,86
1094,83,267,2024-12-16 15:00:19,35
1095,90,37,2024-09-22 18:32:37,71
1096,72,134,2025-04-22 01:24:15,127
1097,112,254,2024-06-12 14:17:54,68
1098,72,29,2024-07-27 03:00:57,52
1099,111,171,2025-02-01 03:04:03,172
1100,181,150,2024-08-28 13:30:23,165
1101,40,159,2025-04-19 17:55:12,126
1102,173,45,2025-03-26 02:16:07,64
1103,178,211,2025-01-06 13:30:30,64
1104,107,294,2024-11-24 03:26:57,54
1105,109,131,2025-03-02 18:59:36,25
1106,116,268,2024-12-29 15:37:46,155
1107,75,64,2025-03-25 21:33:37,18
1108,119,254,2025-04-17 13:30:34,139
1109,46,44,2024-09-14 05:09:18,29
1110,128,37,2024-12-04 02:58:42,95
1111,162,213,2024-06-17 10:12:49,131
1112,113,71,2025-04-20 15:18:38,180
1113,186,144,2025-01-14 09:47:01,96
1114,34,110,2024-12-03 17:41:35,65
1115,51,115,2024-10-11 03:25:55,125
1116,197,98,2024-11-18 05:39:07,63
1117,156,79,2025-03-18 22:22:30,143
1118,150,17,2024-12-29 11:18:52,147
1119,181,79,2025-03-05 08:36:21,24
1120,46,143,2024-10-10 12:03:24,93
1121,93,101,2025-04-10 05:48:54,133
1122,145,270,2025-02-17 07:57:23,81
1123,148,132,2025-03-28 08:36:43,69
1124,131,205,2024-10-18 13:34:07,95
1125,133,211,2024-06-10 02:47:46,158
1126,196,40,2024-08-11 19:41:49,75
1127,103,10,2024-12-27 07:12:11,46
1128,52,1,2025-01-15 08:23:15,144
1129,78,107,2025-02-01 03:19:47,17
1130,178,144,2025-04-02 01:23:17,84
1131,3,95,2025-01-24 01:37:47,142
1132,6,137,2024-11-06 23:08:23,23
1133,127,50,2025-03-19 05:21:31,124
1134,85,124,2024-05-20 17:48:23,65
1135,42,120,2024-07-15 01:36:34,104
1136,78,255,2025-03-08 16:26:58,64
1137,3,243,2024-08-31 07:23:00,90
1138,120,202,2024-08-25 16:50:06,94
1139,41,132,2024-10-25 02:25:42,83
1140,102,287,2024-08-11 21:18:36,79
1141,143,278,2024-07-19 13:39:09,132
1142,96,174,2025-04-10 08:16:03,25
1143,193,179,2025-02-21 10:28:25,21
1144,127,172,2024-09-13 17:39:43,58
1145,114,264,2025-01-17 06:39:11,120
1146,136,70,2024-06-28 05:26:12,179
1147,40,263,2024-08-20 22:37:19,128
1148,154,170,2024-10-29 00:28:17,176
1149,113,27,2024-10-18 14:18:16,158
1150,146,56,2024-08-26 14:01:22,40
1151,19,106,2024-04-28 12:17:17,135
1152,89,49,2025-03-09 14:13:20,113
1153,48,100,2025-02-07 10:42:54,129
1154,195,229,2024-07-14 10:55:06,166
1155,119,244,2024-04-30 10:44:37,70
1156,94,276,2025-01-10 11:59:59,31
1157,158,169,2024-05-02 04:06:49,139
1158,154,268,2024-08-08 21:50:58,175
1159,52,254,2024-12-09 05:39:12,63
1160,53,278,2024-06-16 22:00:17,91
1161,167,264,2024-10-23 03:03:17,86
1162,47,209,2024-06-03 04:25:45,73
1163,175,208,2024-07-13 13:30:06,180
1164,171,193,2024-11-25 17:08:22,123
1165,17,215,2024-11-27 06:32:42,61
1166,187,232,2025-03-04 22:54:50,135
1167,33,221,2024-06-08 07:26:22,27
1168,18,33,2024-12-04 01:43:14,57
1169,115,42,2024-12-26 19:26:58,153
1170,22,5,2024-09-15 02:24:47,145
1171,183,276,2024-08-19 17:28:18,59
1172,10,13,2024-09-12 20:47:35,56
1173,71,32,2024-10-16 08:30:55,115
1174,64,164,2025-03-31 13:03:27,176
1175,58,110,2024-10-14 00:09:21,50
1176,31,8,2024-11-28 07:50:36,111
1177,76,283,2024-07-09 08:26:16,61
1178,41,11,2025-01-27 06:28:53,100
1179,200,54,2024-08-31 23:54:06,65
1180,185,229,2024-08-28 20:46:27,116
1181,149,27,2024-09-28 22:58:03,101
1182,18,121,2024-09-09 19:21:53,159
1183,200,212,2024-12-01 20:41:44,73
1184,186,198,2025-04-04 17:30:55,137
1185,156,120,2024-06-20 11:46:11,11
1186,29,269,2025-01-15 00:26:47,121
1187,143,140,2025-01-02 21:51:04,73
1188,186,17,2024-11-29 13:56:07,166
1189,68,26,2024-08-26 06:21:00,139
1190,19,154,2024-04-27 08:05:10,60
1191,192,300,2025-03-11 14:50:57,62
1192,6,224,2025-03-30 09:38:20,54
1193,37,141,2024-12-07 12:03:45,22
1194,120,266,2025-03-07 21:38:12,21
1195,141,134,2025-02-27 16:00:26,16
1196,50,58,2024-05-23 09:13:17,66
1197,190,230,2024-11-17 01:06:12,67
1198,194,156,2024-07-19 03:26:48,55
1199,22,174,2024-12-01 14:33:26,108
1200,144,156,2024-05-05 00:46:46,34
1201,143,210,2025-02-21 09:37:43,178
1202,121,133,2025-02-24 03:54:58,95
1203,131,18,2025-04-01 17:54:48,142
1204,108,203,2024-08-05 12:05:36,100
1205,180,299,2025-03-22 17:50:59,71
1206,105,107,2024-08-16 13:27:44,159
1207,147,131,2024-10-14 09:21:35,56
1208,68,89,2024-06-08 22:33:09,113
1209,75,261,2024-04-26 08:49:53,30
1210,99,103,2024-07-05 13:36:53,114
1211,65,160,2024-06-18 16:29:30,11
1212,181,69,2025-02-14 04:11:36,166
1213,158,277,2024-10-07 03:59:41,164
1214,191,294,2025-04-09 10:46:57,143
1215,5,33,2024-11-10 10:43:43,132
1216,70,231,2024-10-06 20:49:01,172
1217,34,139,2025-01-22 06:49:23,177
1218,178,156,2025-01-06 22:03:57,36
1219,159,80,2025-02-03 09:40:02,61
1220,97,163,2024-06-18 15:00:13,43
1221,192,188,2024-06-17 07:38:34,48
1222,19,266,2024-06-27 10:06:16,130
1223,101,47,2024-11-06 22:24:37,12
1224,171,186,2024-10-15 10:54:01,50
1225,163,118,2025-03-21 21:34:33,32
1226,88,119,2024-05-16 13:30:02,100
1227,95,235,2024-06-02 23:29:34,68
1228,14,93,2024-09-08 23:11:56,52
1229,139,114,2024-07-15 15:52:23,22
1230,80,190,2024-07-23 01:25:32,13
1231,38,274,2024-06-14 09:25:30,121
1232,99,215,2025-04-19 13:46:19,42
1233,48,228,2024-12-14 00:01:12,158
1234,138,254,2024-05-22 00:14:59,91
1235,145,98,2024-06-12 21:56:37,135
1236,161,64,2025-02-06 17:44:34,122
1237,175,238,2024-12-05 23:52:39,112
1238,118,98,2024-09-20 17:23:45,178
1239,112,26,2024-12-07 02:22:55,166
1240,53,175,2024-10-11 07:01:33,150
1241,7,125,2024-12-15 21:42:49,108
1242,45,277,2025-01-29 19:26:23,49
1243,151,131,2025-02-17 05:31:56,136
1244,55,182,2024-11-21 20:04:20,153
1245,157,12,2024-06-29 10:09:10,13
1246,125,192,2025-01-28 22:40:20,116
1247,172,164,2024-05-05 06:28:55,104
1248,133,149,2024-06-17 18:18:57,43
1249,191,109,2025-03-18 15:33:25,117
1250,193,84,2024-07-22 23:56:52,37
1251,65,180,2024-10-27 20:57:15,59
1252,195,49,2024-10-18 03:32:25,49
1253,21,144,2024-05-31 12:43:58,64
1254,120,89,2024-07-12 13:20:09,159
1255,130,13,2025-01-13 10:56:45,82
1256,50,49,2024-05-10 23:49:39,18
1257,12,93,2024-09-22 10:05:33,117
1258,177,143,2024-06-04 02:03:09,162
1259,114,165,2024-07-03 21:28:09,75
1260,110,81,2024-06-17 11:48:28,144
1261,145,149,2024-05-15 21:19:00,125
1262,114,96,2024-11-17 06:48:49,64
1263,107,113,2024-07-03 00:34:44,142
1264,58,212,2024-10-25 08:02:09,45
1265,65,241,2024-10-19 23:54:45,164
1266,178,249,2024-07-10 22:04:11,21
1267,182,290,2025-04-22 23:38:01,112
1268,22,216,2025-03-06 15:44:47,125
1269,182,202,2024-09-28 22:18:21,22
1270,92,245,2024-09-23 21:35:29,177
1271,130,13,2024-06-16 06:35:43,132
1272,188,200,2025-03-07 00:57:50,168
1273,102,16,2024-04-27 14:23:19,149
1274,172,13,2024-12-16 03:18:52,29
1275,93,90,2024-06-29 14:46:35,178
1276,78,24,2025-01-29 18:31:52,31
1277,95,77,2024-07-19 00:09:21,162
1278,30,45,2025-03-06 05:02:09,44
1279,158,258,2025-02-01 00:25:31,51
1280,84,134,2024-12-01 06:49:53,179
1281,25,67,2025-03-03 16:58:32,73
1282,122,39,2025-01-17 21:49:41,46
1283,177,39,2024-05-05 05:04:35,29
1284,173,81,2025-01-25 15:37:19,165
1285,91,241,2025-02-08 21:58:36,141
1286,166,90,2025-04-03 02:53:24,177
1287,9,20,2024-11-07 09:27:55,135
1288,159,49,2024-05-05 09:55:54,100
1289,7,274,2024-07-11 10:09:35,139
1290,49,142,2024-06-20 06:13:34,88
1291,69,149,2024-11-04 03:49:52,142
1292,3,141,2024-08-09 14:59:09,168
1293,180,291,2024-08-01 14:35:29,142
1294,83,129,2024-05-17 14:31:55,32
1295,49,93,2024-08-11 13:19:09,156
1296,106,275,2024-08-06 20:03:14,178
1297,24,281,2024-05-26 19:29:26,39
1298,64,101,2025-01-26 16:01:51,138
1299,79,280,2025-03-10 13:14:41,136
1300,140,235,2024-07-17 22:26:34,103
1301,145,19,2024-05-13 10:44:43,147
1302,52,215,2024-07-18 13:44:57,17
1303,85,207,2024-11-30 07:05:20,149
1304,151,224,2025-01-15 04:23:27,11
1305,107,198,2024-09-05 18:30:48,127
1306,86,78,2024-11-17 23:13:45,162
1307,111,251,2024-08-18 21:41:32,152
1308,156,110,2024-12-03 11:33:11,62
1309,175,173,2025-04-04 12:37:12,79
1310,152,169,2024-07-27 08:10:20,61
1311,57,18,2024-11-23 15:44:28,63
1312,55,161,2024-12-01 08:44:40,102
1313,73,194,2024-11-06 17:38:36,38
1314,185,162,2024-10-28 20:02:15,151
1315,58,215,2024-10-05 22:35:36,92
1316,194,194,2024-12-07 08:23:22,116
1317,103,260,2024-04-29 20:55:02,56
1318,34,291,2024-04-27 06:02:27,173
1319,189,55,2024-09-04 16:21:57,28
1320,13,132,2024-11-27 05:43:38,145
1321,200,182,2024-08-12 15:55:07,175
1322,92,83,2024-10-16 16:45:55,148
1323,128,285,2024-04-24 18:05:57,127
1324,1,28,2025-01-01 20:35:11,49
1325,83,238,2025-01-21 15:37:18,54
1326,34,66,2024-07-23 13:12:35,62
1327,116,247,2025-04-08 17:56:12,165
1328,123,196,2024-04-28 13:45:23,129
1329,144,112,2024-09-14 20:50:31,166
1330,200,178,2025-02-21 09:07:14,33
1331,183,1,2024-11-06 01:06:09,172
1332,101,130,2025-02-02 15:04:43,119
1333,6,226,2024-10-14 13:03:14,165
1334,80,125,2024-07-13 00:09:23,124
1335,53,50,2024-05-15 08:51:28,66
1336,24,179,2024-10-09 00:50:59,29
1337,60,271,2024-11-23 06:27:56,110
1338,116,82,2024-07-30 13:04:36,37
1339,44,154,2024-05-22 14:09:14,141
1340,138,39,2024-12-09 10:16:30,32
1341,127,86,2025-01-26 23:12:08,106
1342,76,263,2024-09-21 20:57:15,91
1343,196,240,2025-03-28 01:16:48,63
1344,185,63,2024-12-05 13:52:42,155
1345,93,134,2025-02-19 07:26:19,163
1346,101,94,2025-04-12 02:55:57,157
1347,49,38,2024-09-22 03:54:54,176
1348,161,290,2025-03-03 12:27:50,14
1349,186,11,2024-07-13 05:47:09,131
1350,193,238,2025-01-04 11:44:36,37
1351,185,12,2025-04-02 05:24:57,109
1352,3,66,2024-10-05 12:13:04,53
1353,44,144,2025-03-03 07:03:24,30
1354,115,128,2025-01-26 09:49:14,49
1355,16,69,2024-05-30 03:12:03,163
1356,159,160,2024-11-09 07:31:21,47
1357,150,133,2024-07-24 22:35:29,30
1358,140,128,2024-06-29 04:04:28,93
1359,149,42,2024-08-25 10:50:08,165
1360,71,179,2024-12-02 00:28:19,72
1361,189,159,2024-06-26 23:31:40,98
1362,55,243,2024-08-31 02:58:26,167
1363,129,46,2024-07-10 19:17:47,34
1364,80,111,2024-06-26 18:52:24,163
1365,49,7,2024-12-30 07:50:18,176
1366,37,220,2024-08-22 00:06:46,127
1367,96,227,2024-09-14 22:22:13,175
1368,197,215,2025-01-25 06:01:12,168
1369,8,38,2025-01-01 16:11:28,53
1370,88,12,2024-12-29 16:56:08,78
1371,91,21,2025-04-09 00:21:07,74
1372,98,122,2025-03-18 02:18:05,119
1373,7,9,2024-12-11 23:46:49,101
1374,97,146,2024-06-07 05:46:31,146
1375,135,256,2024-04-25 00:00:25,16
1376,200,152,2024-07-22 16:36:38,42
1377,173,178,2024-06-06 22:29:13,62
1378,82,131,2025-04-10 06:58:53,62
1379,81,18,2025-02-10 11:28:11,10
1380,95,14,2025-04-17 16:16:02,50
1381,20,52,2024-12-04 08:27:51,76
1382,168,296,2024-05-15 23:41:58,68
1383,122,93,2024-12-14 07:05:19,72
1384,133,190,2024-06-16 18:32:55,48
1385,174,53,2024-05-17 14:00:18,66
1386,190,169,2024-11-28 22:36:59,134
1387,172,229,2024-12-26 11:47:17,88
1388,161,80,2024-11-19 12:45:51,57
1389,135,268,2024-08-15 09:35:34,98
1390,159,230,2024-08-31 03:08:26,157
1391,166,231,2025-02-22 21:25:45,175
1392,121,283,2024-08-25 21:13:24,170
1393,51,264,2024-10-09 07:35:22,132
1394,102,93,2025-04-14 10:50:38,105
1395,103,110,2024-11-16 19:13:03,94
1396,15,244,2025-04-11 13:54:20,31
1397,74,26,2024-12-01 18:27:31,15
1398,153,251,2025-03-17 08:59:45,109
1399,179,13,2025-03-08 16:28:04,87
1400,49,172,2024-07-06 00:40:34,15
1401,70,206,2024-09-07 22:27:32,109
1402,35,108,2025-02-05 05:57:36,157
1403,37,225,2024-11-03 00:09:07,51
1404,147,191,2024-10-08 00:38:11,156
1405,136,238,2024-11-02 04:29:06,14
1406,91,237,2025-01-02 00:19:50,163
1407,15,178,2024-06-21 12:39:26,114
1408,162,80,2025-01-17 03:24:19,117
1409,183,25,2024-12-03 16:33:05,123
1410,29,6,2024-10-13 18:03:58,126
1411,133,142,2025-04-02 05:20:31,131
1412,145,20,2024-04-30 09:33:42,163
1413,61,151,2024-12-22 14:31:27,167
1414,123,105,2025-04-15 21:47:42,111
1415,89,134,2024-11-01 16:01:07,27
1416,78,241,2024-10-31 00:05:59,34
1417,174,71,2024-12-26 08:34:42,74
1418,171,114,2025-03-28 02:24:02,57
1419,64,42,2025-02-27 17:18:59,30
1420,153,212,2024-10-10 05:32:38,63
1421,30,251,2025-02-12 03:34:39,21
1422,161,54,2024-09-03 06:53:19,29
1423,146,45,2024-09-18 11:24:16,167
1424,77,44,2025-01-18 07:09:48,170
1425,125,89,2025-03-02 09:23:39,25
1426,26,221,2025-04-07 08:57:43,123
1427,18,166,2025-02-08 17:07:21,58
1428,144,59,2024-05-10 07:58:34,86
1429,73,45,2024-08-11 10:51:52,173
1430,45,197,2024-09-12 05:43:47,62
1431,98,278,2024-08-06 20:46:48,100
1432,177,194,2024-07-29 11:25:18,76
1433,37,267,2025-01-30 12:29:15,42
1434,95,72,2024-09-21 10:44:42,74
1435,103,242,2024-10-22 08:44:02,58
1436,147,51,2024-07-15 23:53:41,151
1437,20,77,2024-07-20 00:33:54,85
1438,118,251,2024-11-02 14:22:54,34
1439,55,42,2025-01-24 17:41:55,126
1440,61,39,2024-11-12 02:20:53,109
1441,12,57,2025-02-12 18:25:19,76
1442,24,47,2024-12-25 05:18:15,154
1443,2,138,2024-12-06 23:58:54,87
1444,135,91,2024-10-03 15:22:39,144
1445,27,179,2024-09-20 09:33:17,99
1446,15,291,2024-10-30 10:04:13,125
1447,55,73,2024-10-06 00:20:04,45
1448,118,256,2024-06-07 05:17:10,164
1449,24,85,2024-05-25 14:49:04,64
1450,37,100,2024-06-13 14:47:29,87
1451,198,171,2024-12-06 22:12:05,64
1452,45,24,2024-06-14 14:04:40,104
1453,142,214,2024-06-21 13:35:12,82
1454,110,182,2024-09-10 01:31:52,11
1455,53,285,2024-07-03 22:16:49,35
1456,62,125,2024-11-18 18:58:53,45
1457,153,116,2025-04-21 14:13:38,147
1458,132,248,2024-07-28 02:09:56,156
1459,167,101,2024-04-24 18:19:18,100
1460,162,82,2024-04-24 15:47:13,137
1461,8,98,2025-04-10 10:29:41,153
1462,39,3,2024-07-04 22:35:10,176
1463,111,228,2024-06-04 07:05:05,153
1464,180,285,2024-07-29 06:03:11,119
1465,137,300,2025-02-16 05:25:58,104
1466,33,176,2025-03-01 08:29:36,100
1467,102,122,2024-10-25 05:20:22,177
1468,175,8,2025-02-27 12:29:16,113
1469,67,206,2025-01-21 17:43:09,106
1470,197,290,2024-09-07 02:56:47,13
1471,68,146,2024-09-02 11:06:08,98
1472,8,284,2025-04-19 10:19:11,121
1473,33,238,2024-08-31 03:17:52,106
1474,85,147,2024-06-12 20:49:05,57
1475,185,114,2024-05-16 08:03:43,80
1476,171,219,2025-03-07 16:34:04,19
1477,20,283,2024-09-06 11:50:29,173
1478,154,262,2024-06-02 11:20:14,100
1479,28,243,2024-10-22 19:12:52,163
1480,200,69,2024-12-07 19:13:45,148
1481,133,116,2024-07-21 20:15:33,33
1482,42,3,2024-11-08 01:04:43,52
1483,193,69,2024-06-07 09:46:09,73
1484,38,32,2024-07-10 17:20:07,170
1485,88,267,2025-01-08 09:37:51,38
1486,164,164,2024-12-07 11:11:47,95
1487,181,67,2025-01-23 15:43:14,147
1488,138,217,2024-12-04 20:04:03,89
1489,153,257,2024-08-25 01:49:48,56
1490,27,26,2025-02-26 14:35:14,144
1491,92,194,2024-06-01 13:37:55,86
1492,161,32,2025-04-20 11:59:15,168
1493,94,193,2024-08-17 04:05:29,178
1494,82,165,2024-11-29 20:39:15,165
1495,88,46,2024-08-10 01:35:14,48
1496,64,175,2024-11-04 04:56:14,17
1497,26,285,2024-06-03 08:47:39,24
1498,142,292,2025-02-23 19:46:45,143
1499,122,82,2024-11-30 15:41:55,39
1500,158,93,2025-01-08 02:44:19,149
1501,55,291,2024-06-17 12:18:36,82
1502,152,81,2025-03-15 16:52:52,143
1503,171,81,2024-07-03 06:31:49,154
1504,185,236,2024-11-19 01:35:09,95
1505,40,264,2025-02-21 00:23:20,75
1506,186,225,2024-09-29 23:32:57,42
1507,95,159,2024-08-03 20:13:32,143
1508,1,29,2024-09-15 14:13:19,51
1509,191,43,2024-10-04 03:10:14,112
1510,151,112,2024-12-10 11:26:32,163
1511,42,101,2024-06-29 15:46:24,11
1512,82,255,2025-03-19 18:34:30,38
1513,12,73,2024-10-16 14:29:01,100
1514,130,220,2024-08-26 23:20:08,24
1515,31,294,2024-07-27 17:32:49,113
1516,186,174,2024-12-08 03:55:17,43
1517,60,66,2025-04-11 07:33:59,73
1518,188,276,2024-06-13 15:51:35,81
1519,147,113,2024-12-25 17:09:27,109
1520,185,228,2024-05-19 19:13:51,95
1521,172,220,2025-03-29 02:55:01,76
1522,133,159,2024-07-04 23:44:59,142
1523,52,176,2024-09-06 23:28:07,106
1524,141,278,2024-11-06 15:29:12,162
1525,11,56,2024-09-13 13:32:44,168
1526,51,199,2025-01-17 13:19:51,97
1527,46,150,2024-09-14 06:23:44,78
1528,157,47,2025-03-04 16:05:18,179
1529,176,147,2024-06-20 11:09:14,106
1530,157,148,2024-08-28 19:28:07,59
1531,195,172,2024-05-07 18:34:55,115
1532,177,209,2024-08-12 13:12:21,45
1533,86,158,2025-04-01 06:54:58,47
1534,12,97,2024-06-26 19:07:37,14
1535,100,135,2024-06-19 09:21:36,59
1536,67,247,2024-07-02 18:53:55,68
1537,57,49,2024-08-09 01:56:44,146
1538,40,6,2024-11-10 23:03:25,98
1539,86,233,2025-01-20 06:57:28,136
1540,184,153,2025-03-22 01:44:15,17
1541,173,150,2024-12-28 12:31:50,31
1542,135,185,2024-05-17 21:39:00,46
1543,5,234,2025-02-23 02:34:52,87
1544,45,177,2024-08-26 21:43:34,16
1545,89,117,2024-12-19 08:19:54,64
1546,56,37,2024-06-17 16:49:42,98
1547,165,160,2024-09-18 22:30:37,154
1548,68,202,2024-10-29 13:10:46,88
1549,144,171,2024-10-20 13:52:21,30
1550,94,132,2024-10-21 04:20:45,108
1551,132,140,2024-12-13 17:35:52,70
1552,66,128,2024-10-09 10:43:47,160
1553,73,108,2024-05-23 19:06:00,166
1554,98,26,2024-06-28 04:44:10,96
1555,139,42,2024-07-01 10:29:17,69
1556,144,23,2024-07-02 23:43:11,144
1557,100,282,2025-03-14 09:38:10,28
1558,67,1,2024-04-25 14:10:03,129
1559,151,169,2024-11-05 18:31:00,23
1560,33,164,2025-02-13 17:08:50,38
1561,26,190,2024-06-25 03:07:37,157
1562,1,32,2024-09-11 11:01:06,49
1563,197,293,2024-08-29 18:53:57,87
1564,150,136,2024-05-19 02:50:32,49
1565,159,88,2024-07-11 08:14:53,39
1566,23,58,2024-12-03 00:12:42,162
1567,127,41,2025-03-14 14:04:55,130
1568,196,14,2024-08-17 07:02:08,180
1569,64,103,2024-10-27 23:04:34,13
1570,8,39,2024-11-07 07:53:05,114
1571,111,16,2024-06-06 14:42:45,10
1572,120,40,2024-11-20 23:45:09,73
1573,100,129,2025-02-15 22:26:36,157
1574,90,238,2024-08-23 00:09:03,150
1575,22,248,2024-07-29 16:49:40,108
1576,103,281,2024-07-23 16:15:40,104
1577,156,240,2024-05-24 00:20:45,88
1578,69,151,2024-12-05 10:28:08,130
1579,91,66,2024-07-19 00:36:21,85
1580,6,184,2024-04-26 10:57:06,147
1581,194,16,2025-02-06 00:47:05,67
1582,9,66,2024-08-21 21:37:57,142
1583,173,187,2024-10-07 07:52:27,159
1584,121,238,2024-07-22 01:21:12,149
1585,131,95,2025-04-11 16:40:26,112
1586,89,144,2024-07-08 11:48:25,89
1587,146,212,2024-05-10 02:58:17,147
1588,143,234,2024-07-20 14:37:43,48
1589,106,154,2025-04-12 15:14:18,137
1590,192,18,2024-07-20 01:50:13,135
1591,150,256,2025-04-12 02:48:48,102
1592,106,287,2024-07-09 00:42:54,112
1593,185,187,2024-05-01 05:49:40,180
1594,133,109,2024-10-03 19:59:54,69
1595,147,299,2025-02-10 15:59:00,19
1596,8,140,2024-11-01 17:04:50,103
1597,135,12,2024-08-21 09:06:00,90
1598,27,177,2024-12-07 13:56:13,169
1599,28,282,2025-01-07 03:42:43,147
1600,4,279,2024-07-15 06:44:01,23
1601,199,14,2024-07-17 05:10:34,147
1602,70,83,2024-07-28 14:27:34,154
1603,72,218,2024-09-13 12:08:01,89
1604,22,33,2025-01-12 10:29:58,112
1605,111,298,2025-03-04 15:57:30,52
1606,175,124,2024-11-04 16:10:03,126
1607,123,231,2024-08-09 09:24:13,37
1608,160,92,2024-12-16 14:45:06,124
1609,45,98,2024-12-04 07:23:27,142
1610,197,209,2024-07-21 05:38:25,176
1611,23,84,2024-06-09 11:13:11,35
1612,69,283,2024-09-11 12:14:02,176
1613,37,95,2024-11-13 21:57:50,32
1614,98,91,2024-09-02 09:08:47,130
1615,166,122,2025-01-24 04:55:03,20
1616,76,292,2024-11-09 04:00:01,87
1617,182,95,2024-10-19 18:39:25,78
1618,130,191,2025-03-14 06:20:11,86
1619,118,211,2024-10-02 14:48:40,94
1620,55,203,2024-11-20 23:22:26,163
1621,144,275,2024-11-24 08:44:13,74
1622,145,233,2024-12-07 08:34:32,158
1623,77,3,2024-05-25 20:08:46,107
1624,178,46,2024-06-07 17:39:26,11
1625,192,28,2024-08-24 14:37:07,150
1626,32,109,2024-07-01 15:40:56,15
1627,191,88,2025-01-16 13:41:02,60
1628,169,265,2024-10-12 01:21:35,145
1629,45,20,2024-07-07 15:49:35,64
1630,17,237,2024-11-24 07:52:06,35
1631,10,145,2025-01-30 01:55:59,146
1632,141,256,2024-05-11 22:21:55,104
1633,21,35,2025-01-28 19:46:28,70
1634,177,235,2024-12-03 14:48:36,30
1635,71,217,2025-04-04 18:13:27,128
1636,129,67,2024-10-20 07:54:51,127
1637,199,139,2024-10-29 10:00:12,114
1638,80,286,2024-10-03 15:02:43,136
1639,5,225,2024-10-25 10:03:17,86
1640,44,187,2025-04-11 21:25:50,56
1641,36,145,2024-08-23 05:25:17,10
1642,123,85,2024-10-26 03:26:50,85
1643,70,276,2024-05-18 02:47:02,21
1644,178,170,2025-02-12 16:01:51,75
1645,137,50,2025-02-09 09:02:02,109
1646,170,129,2024-05-31 12:27:15,39
1647,90,167,2024-06-02 12:27:31,139
1648,83,194,2024-10-21 10:47:20,22
1649,185,174,2024-06-01 14:18:07,86
1650,92,265,2024-12-15 19:55:54,17
1651,69,67,2025-01-03 20:13:32,72
1652,166,119,2024-08-07 01:46:31,110
1653,153,151,2024-08-03 23:34:24,153
1654,197,38,2025-04-01 00:55:32,127
1655,11,274,2024-11-13 15:22:50,35
1656,137,118,2025-03-28 16:37:02,155
1657,162,55,2024-11-28 16:34:12,27
1658,181,218,2025-02-16 23:46:07,67
1659,85,197,2024-12-20 22:44:43,77
1660,195,278,2025-04-02 06:25:40,143
1661,75,64,2024-10-05 17:45:44,19
1662,180,235,2024-12-22 12:33:19,49
1663,148,37,2024-11-16 13:08:52,53
1664,88,15,2025-02-09 06:36:57,115
1665,147,22,2025-02-13 10:48:53,138
1666,82,72,2024-10-06 21:01:42,104
1667,60,113,2024-07-17 11:51:46,12
1668,194,96,2025-03-28 17:23:53,107
1669,110,275,2025-01-31 08:09:47,96
1670,178,206,2025-01-20 11:29:44,133
1671,159,197,2024-08-03 23:09:41,92
1672,43,42,2024-05-08 01:43:22,57
1673,36,167,2024-11-01 21:59:40,104
1674,53,88,2024-12-17 11:48:45,21
1675,183,242,2025-04-04 16:51:33,99
1676,21,127,2024-11-26 20:12:58,164
1677,74,155,2024-09-29 11:03:59,143
1678,47,153,2024-09-15 21:37:54,45
1679,152,214,2024-06-27 02:55:40,138
1680,156,59,2025-01-11 08:49:02,136
1681,33,53,2024-08-12 18:50:10,77
1682,1,35,2024-08-14 20:27:11,142
1683,173,257,2024-11-15 05:29:47,36
1684,72,184,2024-12-12 21:03:04,85
1685,184,263,2024-06-27 09:49:55,156
1686,39,145,2024-06-02 04:32:51,67
1687,20,125,2024-06-29 11:33:48,175
1688,47,70,2025-03-30 14:36:45,68
1689,79,40,2024-05-27 05:16:27,152
1690,85,218,2024-09-29 23:39:57,63
1691,1,202,2025-03-25 09:11:34,133
1692,97,260,2024-06-10 02:17:07,60
1693,44,107,2025-01-14 16:25:53,171
1694,98,14,2025-03-24 03:29:55,173
1695,67,190,2024-11-30 21:44:21,62
1696,163,118,2024-08-06 07:38:21,134
1697,188,25,2024-11-13 14:25:16,40
1698,58,233,2024-09-18 15:37:33,114
1699,185,27,2024-09-10 10:14:23,116
1700,39,222,2024-06-01 21:52:26,79
1701,64,3,2025-02-04 06:14:21,36
1702,140,184,2025-03-17 06:02:17,108
1703,130,15,2025-02-19 20:29:07,123
1704,145,39,2024-11-05 23:32:42,156
1705,83,264,2024-05-20 03:06:13,17
1706,182,124,2024-05-06 23:25:09,176
1707,167,23,2025-02-05 05:59:04,136
1708,79,121,2024-09-09 22:17:32,180
1709,26,148,2024-12-23 04:51:41,129
1710,114,90,2024-12-25 12:12:20,82
1711,57,161,2024-06-15 17:10:46,89
1712,172,247,2024-10-02 07:04:01,131
1713,61,23,2025-02-03 17:58:40,162
1714,4,75,2024-09-15 22:42:19,173
1715,140,258,2024-12-21 02:08:48,148
1716,11,98,2025-01-23 06:51:29,105
1717,41,4,2025-03-24 13:26:04,112
1718,95,236,2024-08-09 11:38:35,40
1719,22,148,2024-07-31 12:37:05,122
1720,190,129,2025-03-25 18:37:07,14
1721,75,171,2025-04-17 23:54:58,93
1722,58,19,2025-04-18 02:33:19,127
1723,197,247,2024-06-15 15:11:51,38
1724,49,25,2024-04-30 12:14:26,55
1725,9,160,2024-12-14 09:35:41,143
1726,63,189,2024-09-25 14:07:13,150
1727,9,219,2024-09-17 05:05:24,117
1728,8,33,2024-05-14 18:55:38,28
1729,127,164,2024-08-12 02:34:31,23
1730,88,41,2024-05-17 09:51:34,43
1731,76,283,2024-06-26 03:39:28,37
1732,72,32,2024-08-30 07:42:58,68
1733,93,132,2024-12-26 01:52:17,123
1734,66,275,2024-09-07 19:54:24,147
1735,82,50,2024-12-16 02:40:15,80
1736,87,74,2024-08-26 21:21:26,134
1737,96,66,2024-12-07 13:44:42,173
1738,67,35,2025-04-22 19:59:15,168
1739,74,185,2024-10-13 03:56:21,118
1740,32,7,2025-01-01 16:13:17,177
1741,9,29,2025-02-03 15:50:26,162
1742,164,112,2024-12-20 12:00:57,84
1743,191,98,2024-05-11 11:33:21,52
1744,99,102,2024-11-28 07:22:54,80
1745,189,205,2024-08-30 08:24:47,142
1746,143,115,2024-06-04 15:51:56,16
1747,185,35,2024-09-28 19:17:06,140
1748,188,194,2024-10-02 06:12:20,34
1749,120,44,2024-06-17 16:27:48,48
1750,27,235,2024-12-30 05:18:31,44
1751,184,78,2024-10-27 16:05:20,83
1752,48,197,2024-08-24 06:38:38,171
1753,25,275,2025-01-28 07:15:54,108
1754,68,84,2025-02-10 12:46:34,12
1755,131,249,2024-11-22 22:31:54,82
1756,107,230,2025-04-07 03:09:30,127
1757,159,50,2024-05-25 02:17:16,93
1758,77,76,2024-12-20 21:11:36,102
1759,72,219,2024-09-19 19:58:32,163
1760,194,225,2025-02-21 19:56:53,64
1761,111,177,2024-09-02 12:08:47,167
1762,14,159,2024-08-30 19:49:42,46
1763,26,112,2024-11-22 17:26:05,29
1764,81,269,2025-02-11 17:47:18,146
1765,166,108,2024-05-04 15:54:48,22
1766,179,257,2024-11-11 20:44:58,106
1767,168,22,2024-10-30 00:32:48,103
1768,160,251,2024-08-30 21:28:04,57
1769,143,121,2024-11-03 21:13:33,133
1770,35,83,2024-08-18 13:17:18,67
1771,55,120,2025-01-29 20:29:02,114
1772,70,148,2024-07-01 03:53:37,112
1773,144,137,2025-02-14 09:06:03,68
1774,114,216,2025-01-10 21:23:57,61
1775,180,95,2024-06-22 09:45:37,152
1776,171,88,2024-07-10 10:28:18,96
1777,1,134,2024-10-03 02:19:00,109
1778,77,179,2024-05-31 03:37:27,130
1779,167,68,2024-10-30 21:14:00,133
1780,56,107,2024-07-26 20:42:59,162
1781,55,30,2024-11-03 15:38:46,163
1782,57,66,2024-10-10 05:31:20,152
1783,25,51,2024-07-07 20:56:33,39
1784,11,127,2024-08-31 17:37:35,99
1785,48,82,2024-12-18 07:21:27,29
1786,77,86,2024-11-27 16:10:14,166
1787,193,252,2024-05-19 17:46:30,13
1788,34,241,2025-01-18 16:51:35,102
1789,60,263,2024-05-28 21:38:11,171
1790,15,253,2024-07-11 12:50:38,138
1791,196,132,2025-04-17 17:47:39,98
1792,168,188,2025-02-14 00:49:36,58
1793,85,156,2024-10-13 13:23:51,97
1794,140,105,2024-09-04 01:10:28,143
1795,70,176,2024-12-21 13:54:30,12
1796,80,76,2024-08-26 07:29:27,47
1797,191,89,2024-08-13 10:44:17,115
1798,100,35,2025-01-13 04:47:39,44
1799,131,206,2024-06-08 04:05:46,120
1800,106,10,2024-11-30 19:00:38,148
1801,15,127,2025-01-24 02:43:01,120
1802,52,71,2025-01-10 09:16:56,19
1803,127,15,2024-04-29 12:48:54,49
1804,23,218,2025-03-29 08:42:46,82
1805,58,29,2024-08-25 23:38:49,66
1806,35,294,2024-08-19 16:32:19,43
1807,195,148,2024-06-25 04:23:57,103
1808,26,189,2024-06-28 07:36:08,63
1809,166,50,2024-09-10 04:29:22,78
1810,28,180,2024-07-27 10:24:55,131
1811,100,116,2024-06-01 04:07:23,145
1812,102,129,2025-03-26 22:18:44,83
1813,176,211,2025-03-08 08:13:24,63
1814,139,102,2025-04-03 03:16:49,59
1815,16,205,2024-10-04 20:45:38,99
1816,121,156,2024-08-26 08:19:31,168
1817,172,75,2025-01-17 14:40:13,30
1818,22,153,2024-10-11 01:31:10,36
1819,139,10,2024-12-27 11:52:48,156
1820,147,191,2024-09-29 00:52:35,46
1821,7,12,2024-09-15 22:24:46,35
1822,199,101,2024-09-28 16:05:57,54
1823,100,25,2024-10-24 18:06:21,77
1824,53,218,2024-07-28 00:28:08,13
1825,113,119,2024-11-18 08:47:22,158
1826,9,120,2024-09-04 15:18:17,86
1827,173,105,2024-11-02 14:34:35,90
1828,132,150,2025-03-19 00:13:00,111
1829,147,186,2024-12-23 04:16:46,90
1830,29,229,2025-02-02 12:08:17,144
1831,178,260,2024-07-15 08:12:58,125
1832,52,256,2024-11-11 13:44:01,55
1833,36,260,2024-10-21 16:54:43,42
1834,12,247,2025-01-18 09:05:01,107
1835,44,129,2024-07-12 21:00:20,97
1836,65,15,2025-02-12 15:43:28,44
1837,63,92,2024-07-01 18:11:15,24
1838,28,216,2025-01-24 03:03:29,129
1839,82,11,2024-05-23 02:19:57,65
1840,110,248,2024-04-26 23:41:46,72
1841,149,27,2024-08-01 18:58:14,56
1842,2,54,2025-02-24 22:02:54,99
1843,166,286,2024-11-10 01:09:51,52
1844,143,90,2024-11-09 11:15:56,23
1845,114,145,2024-05-24 23:10:06,160
1846,46,89,2025-03-12 00:25:15,100
1847,185,77,2024-12-16 07:30:47,171
1848,183,2,2024-12-25 01:24:27,113
1849,1,12,2024-06-12 11:36:24,89
1850,129,64,2024-07-29 22:31:05,85
1851,199,150,2024-04-26 22:26:44,142
1852,74,122,2025-01-23 03:02:01,15
1853,64,28,2024-10-22 22:31:01,177
1854,142,259,2024-05-03 22:00:29,41
1855,137,68,2025-02-12 18:16:35,33
1856,161,85,2024-06-10 00:27:08,139
1857,45,263,2024-07-09 02:12:23,176
1858,122,14,2024-10-26 08:15:31,30
1859,118,21,2024-10-19 22:47:22,163
1860,9,181,2025-03-19 23:08:06,136
1861,183,245,2024-07-22 10:13:47,50
1862,85,65,2024-06-16 11:17:11,146
1863,28,23,2024-12-08 05:49:36,167
1864,25,25,2024-09-05 01:42:31,73
1865,142,82,2024-08-12 21:23:31,58
1866,115,65,2025-04-11 02:39:59,148
1867,113,123,2024-11-08 14:38:53,128
1868,195,138,2025-03-03 13:49:32,24
1869,21,283,2025-04-03 06:30:35,94
1870,76,148,2025-04-17 20:11:15,131
1871,189,153,2024-05-30 00:06:35,12
1872,137,154,2024-06-18 03:28:28,11
1873,74,109,2024-07-30 08:12:14,64
1874,186,129,2024-06-15 14:01:53,73
1875,65,291,2024-07-09 13:28:15,113
1876,21,140,2024-09-08 09:00:39,66
1877,183,60,2024-09-16 19:40:45,77
1878,138,104,2024-08-22 22:15:21,48
1879,46,171,2024-05-14 06:21:24,125
1880,61,276,2025-03-05 08:27:04,126
1881,163,232,2024-09-02 17:23:37,148
1882,29,210,2024-08-17 10:04:01,25
1883,179,187,2024-07-06 15:32:07,15
1884,61,85,2024-10-12 16:40:00,169
1885,168,251,2024-08-29 14:35:38,21
1886,35,7,2024-08-22 06:21:46,75
1887,3,78,2024-05-08 10:06:12,157
1888,196,287,2024-05-22 03:40:55,56
1889,12,65,2025-03-17 07:46:35,171
1890,174,235,2024-10-28 07:12:40,156
1891,121,263,2024-10-19 04:21:09,61
1892,194,196,2024-12-02 23:41:53,60
1893,173,10,2024-12-14 19:08:49,180
1894,107,51,2024-10-27 08:30:55,144
1895,129,123,2024-12-06 15:27:25,151
1896,37,82,2024-05-22 07:16:59,119
1897,107,134,2024-05-26 14:08:39,15
1898,80,30,2024-06-02 07:38:28,55
1899,70,26,2024-06-02 00:38:10,46
1900,151,109,2024-11-22 01:24:27,43
1901,29,128,2025-01-02 13:07:09,108
1902,116,9,2024-11-29 21:05:51,72
1903,123,203,2025-02-03 06:24:15,29
1904,3,11,2024-09-14 02:00:43,137
1905,108,108,2025-01-23 08:26:39,33
1906,45,163,2024-10-08 18:56:25,28
1907,155,34,2025-01-13 05:18:03,52
1908,194,74,2025-04-22 00:09:29,62
1909,40,12,2024-09-04 23:27:52,17
1910,198,146,2025-04-12 13:53:02,39
1911,63,7,2024-06-03 14:23:37,74
1912,38,271,2025-01-04 05:18:30,142
1913,15,194,2024-09-18 23:54:32,177
1914,48,159,2025-03-21 15:40:03,33
1915,160,158,2025-01-20 20:46:02,118
1916,79,12,2024-10-30 12:18:25,171
1917,102,263,2025-02-21 03:19:30,45
1918,98,219,2024-05-04 18:36:00,93
1919,70,17,2025-04-15 19:26:31,168
1920,61,245,2024-12-22 14:06:41,83
1921,90,104,2024-09-22 23:55:46,107
1922,97,11,2025-03-27 01:37:30,173
1923,28,69,2024-08-23 07:25:20,73
1924,133,161,2025-01-31 20:11:33,147
1925,24,1,2024-07-02 16:56:38,148
1926,155,274,2025-01-14 17:39:16,125
1927,51,165,2025-03-20 19:57:03,93
1928,179,168,2024-08-21 11:58:56,101
1929,185,89,2024-06-24 03:37:27,173
1930,137,289,2025-02-25 13:24:45,114
1931,111,251,2024-06-07 08:51:40,55
1932,81,139,2024-05-11 17:14:10,134
1933,75,91,2025-03-05 21:32:27,53
1934,112,170,2024-12-19 15:58:12,57
1935,31,19,2024-09-19 05:51:03,142
1936,133,252,2025-01-23 12:07:01,37
1937,128,227,2024-05-26 02:24:49,133
1938,143,238,2025-02-25 02:11:19,73
1939,95,267,2024-12-04 03:25:36,39
1940,48,299,2024-06-01 05:29:32,99
1941,56,201,2024-05-07 22:30:37,82
1942,33,147,2024-11-23 10:32:09,100
1943,117,272,2025-04-08 19:55:28,30
1944,163,36,2024-10-14 17:28:39,94
1945,122,190,2025-02-23 00:39:40,30
1946,81,273,2024-05-23 19:21:14,117
1947,144,184,2025-02-07 01:23:04,101
1948,29,296,2024-08-21 07:47:01,174
1949,76,122,2025-02-14 22:16:04,60
1950,63,149,2024-12-27 02:39:11,104
1951,132,142,2024-07-15 19:59:13,88
1952,12,65,2024-05-23 00:48:00,27
1953,90,144,2024-08-17 02:17:01,170
1954,9,236,2024-12-21 15:41:48,47
1955,112,180,2025-04-19 12:11:56,177
1956,164,103,2024-08-29 08:08:09,63
1957,151,105,2024-05-25 07:51:10,35
1958,4,43,2024-09-10 10:49:16,137
1959,105,211,2024-06-26 14:52:15,160
1960,182,226,2024-11-08 02:23:56,115
1961,84,198,2024-12-29 13:12:11,97
1962,176,276,2025-02-10 11:31:42,175
1963,193,34,2024-06-29 15:22:23,162
1964,74,265,2025-01-04 06:51:00,144
1965,10,17,2024-09-11 16:14:10,16
1966,170,211,2025-03-08 20:13:45,43
1967,181,219,2024-05-11 06:28:46,125
1968,146,184,2024-05-09 05:35:02,112
1969,123,99,2024-11-18 23:20:48,65
1970,123,243,2024-11-02 16:38:06,162
1971,13,183,2024-06-19 23:56:53,114
1972,64,165,2025-04-08 15:40:12,116
1973,177,235,2025-01-18 21:30:12,137
1974,35,216,2024-12-05 17:43:19,58
1975,109,258,2024-07-02 17:02:22,36
1976,42,295,2024-09-03 04:55:18,82
1977,105,107,2024-10-11 00:10:02,16
1978,94,289,2024-08-23 13:07:45,36
1979,168,171,2025-03-18 18:57:20,45
1980,158,63,2024-11-10 13:07:47,106
1981,19,265,2024-08-15 13:01:36,171
1982,77,81,2024-11-07 21:32:51,43
1983,12,264,2024-06-23 06:01:46,166
1984,144,67,2024-11-30 22:03:47,170
1985,60,174,2024-06-22 22:14:32,23
1986,137,114,2024-06-11 16:36:49,137
1987,131,117,2024-10-27 00:18:26,141
1988,181,2,2024-11-09 19:40:14,126
1989,133,30,2024-12-15 19:24:44,142
1990,180,195,2024-09-30 19:10:22,106
1991,151,278,2025-01-29 08:37:18,59
1992,67,173,2024-05-23 00:06:18,11
1993,81,186,2025-04-24 00:48:18,39
1994,136,125,2024-06-03 17:10:10,92
1995,66,111,2024-05-18 00:40:25,11
1996,87,266,2024-09-04 03:30:47,112
1997,112,263,2024-09-03 17:50:43,150
1998,188,186,2024-06-27 09:29:26,116
1999,9,282,2024-08-25 16:01:01,48
2000,185,80,2025-03-28 17:02:59,100
